Record Length,2.500000e+03,,   0.023000000000,   0.00700,
Sample Interval,1.000000e-04,,   0.023100000000,   0.00400,
Trigger Point,-2.300000000000e+02,,   0.023200000000,  -0.00400,
,,,   0.023300000000,   0.00700,
,,,   0.023400000000,   0.00300,
,,,   0.023500000000,   0.00000,
Source,CH4,,   0.023600000000,   0.00600,
Vertical Units,A,,   0.023700000000,   0.00400,
Vertical Scale,2.500000e-02,,   0.023800000000,   0.00600,
Vertical Offset,1.100000e-02,,   0.023900000000,   0.01800,
Horizontal Units,s,,   0.024000000000,   0.00700,
Horizontal Scale,2.500000e-02,,   0.024100000000,   0.00700,
Pt Fmt,Y,,   0.024200000000,   0.00300,
Yzero,0.000000e+00,,   0.024300000000,   0.00200,
Probe Atten,5.000000e+00,,   0.024400000000,   0.00300,
Model Number,TDS2004B,,   0.024500000000,  -0.00700,
Serial Number,C100913,,   0.024600000000,   0.00000,
Firmware Version,FV:v22.11,,   0.024700000000,  -0.00200,
,,,0.024800000000,  -0.00700,
,,,0.024900000000,   0.00000,
,,,0.025000000000,   0.00400,
,,,0.025100000000,   0.00200,
,,,0.025200000000,  -0.00900,
,,,0.025300000000,   0.00200,
,,,0.025400000000,   0.00600,
,,,0.025500000000,   0.00200,
,,,0.025600000000,   0.00000,
,,,0.025700000000,   0.00100,
,,,0.025800000000,   0.00200,
,,,0.025900000000,   0.00300,
,,,0.026000000000,   0.00900,
,,,0.026100000000,  -0.00700,
,,,0.026200000000,   0.00700,
,,,0.026300000000,  -0.00400,
,,,0.026400000000,   0.00300,
,,,0.026500000000,   0.00000,
,,,0.026600000000,   0.00200,
,,,0.026700000000,  -0.00500,
,,,0.026800000000,   0.00500,
,,,0.026900000000,   0.00000,
,,,0.027000000000,   0.01100,
,,,0.027100000000,   0.00600,
,,,0.027200000000,   0.00500,
,,,0.027300000000,   0.00700,
,,,0.027400000000,   0.00400,
,,,0.027500000000,   0.00300,
,,,0.027600000000,   0.00500,
,,,0.027700000000,  -0.00300,
,,,0.027800000000,   0.00000,
,,,0.027900000000,   0.00400,
,,,0.028000000000,   0.00600,
,,,0.028100000000,   0.00100,
,,,0.028200000000,  -0.00800,
,,,0.028300000000,  -0.00200,
,,,0.028400000000,   0.00600,
,,,0.028500000000,  -0.00500,
,,,0.028600000000,  -0.01000,
,,,0.028700000000,  -0.01500,
,,,0.028800000000,  -0.01200,
,,,0.028900000000,  -0.01100,
,,,0.029000000000,   0.00000,
,,,0.029100000000,   0.00700,
,,,0.029200000000,   0.01100,
,,,0.029300000000,   0.01500,
,,,0.029400000000,   0.01600,
,,,0.029500000000,   0.02100,
,,,0.029600000000,   0.01500,
,,,0.029700000000,   0.00200,
,,,0.029800000000,   0.01000,
,,,0.029900000000,   0.00500,
,,,0.030000000000,   0.00200,
,,,0.030100000000,   0.00300,
,,,0.030200000000,  -0.01000,
,,,0.030300000000,   0.00300,
,,,0.030400000000,   0.00300,
,,,0.030500000000,   0.00200,
,,,0.030600000000,   0.00100,
,,,0.030700000000,  -0.01100,
,,,0.030800000000,  -0.01200,
,,,0.030900000000,  -0.01800,
,,,0.031000000000,  -0.02000,
,,,0.031100000000,  -0.01600,
,,,0.031200000000,  -0.01700,
,,,0.031300000000,  -0.01400,
,,,0.031400000000,   0.00300,
,,,0.031500000000,   0.01400,
,,,0.031600000000,   0.02000,
,,,0.031700000000,   0.02300,
,,,0.031800000000,   0.02700,
,,,0.031900000000,   0.03200,
,,,0.032000000000,   0.01500,
,,,0.032100000000,   0.01500,
,,,0.032200000000,   0.00700,
,,,0.032300000000,   0.00200,
,,,0.032400000000,   0.00900,
,,,0.032500000000,   0.00100,
,,,0.032600000000,   0.00500,
,,,0.032700000000,  -0.00700,
,,,0.032800000000,   0.00300,
,,,0.032900000000,  -0.00700,
,,,0.033000000000,  -0.00500,
,,,0.033100000000,  -0.01800,
,,,0.033200000000,  -0.02100,
,,,0.033300000000,  -0.02600,
,,,0.033400000000,  -0.02400,
,,,0.033500000000,  -0.02100,
,,,0.033600000000,  -0.02000,
,,,0.033700000000,  -0.01000,
,,,0.033800000000,   0.01000,
,,,0.033900000000,   0.02100,
,,,0.034000000000,   0.02600,
,,,0.034100000000,   0.03500,
,,,0.034200000000,   0.03200,
,,,0.034300000000,   0.02800,
,,,0.034400000000,   0.02200,
,,,0.034500000000,   0.02300,
,,,0.034600000000,   0.01500,
,,,0.034700000000,   0.00600,
,,,0.034800000000,   0.00700,
,,,0.034900000000,   0.00400,
,,,0.035000000000,  -0.00700,
,,,0.035100000000,  -0.00700,
,,,0.035200000000,  -0.00300,
,,,0.035300000000,  -0.00900,
,,,0.035400000000,  -0.01200,
,,,0.035500000000,  -0.02300,
,,,0.035600000000,  -0.03600,
,,,0.035700000000,  -0.03200,
,,,0.035800000000,  -0.02900,
,,,0.035900000000,  -0.02200,
,,,0.036000000000,  -0.00700,
,,,0.036100000000,   0.00100,
,,,0.036200000000,   0.00300,
,,,0.036300000000,   0.02500,
,,,0.036400000000,   0.03400,
,,,0.036500000000,   0.04000,
,,,0.036600000000,   0.03100,
,,,0.036700000000,   0.03200,
,,,0.036800000000,   0.02200,
,,,0.036900000000,   0.02500,
,,,0.037000000000,   0.01700,
,,,0.037100000000,   0.00700,
,,,0.037200000000,   0.00400,
,,,0.037300000000,  -0.00100,
,,,0.037400000000,   0.00100,
,,,0.037500000000,  -0.00600,
,,,0.037600000000,  -0.00900,
,,,0.037700000000,  -0.02000,
,,,0.037800000000,  -0.02700,
,,,0.037900000000,  -0.02700,
,,,0.038000000000,  -0.02800,
,,,0.038100000000,  -0.03900,
,,,0.038200000000,  -0.02500,
,,,0.038300000000,  -0.01200,
,,,0.038400000000,  -0.00600,
,,,0.038500000000,   0.01000,
,,,0.038600000000,   0.01400,
,,,0.038700000000,   0.02200,
,,,0.038800000000,   0.03200,
,,,0.038900000000,   0.03600,
,,,0.039000000000,   0.03800,
,,,0.039100000000,   0.03200,
,,,0.039200000000,   0.02800,
,,,0.039300000000,   0.02300,
,,,0.039400000000,   0.02200,
,,,0.039500000000,   0.01000,
,,,0.039600000000,   0.00100,
,,,0.039700000000,  -0.00100,
,,,0.039800000000,  -0.00700,
,,,0.039900000000,  -0.01000,
,,,0.040000000000,  -0.01800,
,,,0.040100000000,  -0.02600,
,,,0.040200000000,  -0.03200,
,,,0.040300000000,  -0.02900,
,,,0.040400000000,  -0.02900,
,,,0.040500000000,  -0.02600,
,,,0.040600000000,  -0.02000,
,,,0.040700000000,  -0.00800,
,,,0.040800000000,   0.00100,
,,,0.040900000000,   0.01400,
,,,0.041000000000,   0.01600,
,,,0.041100000000,   0.01900,
,,,0.041200000000,   0.02700,
,,,0.041300000000,   0.03400,
,,,0.041400000000,   0.04000,
,,,0.041500000000,   0.04000,
,,,0.041600000000,   0.03200,
,,,0.041700000000,   0.01800,
,,,0.041800000000,   0.01300,
,,,0.041900000000,   0.01200,
,,,0.042000000000,   0.00200,
,,,0.042100000000,  -0.00900,
,,,0.042200000000,  -0.01400,
,,,0.042300000000,  -0.01800,
,,,0.042400000000,  -0.03000,
,,,0.042500000000,  -0.02700,
,,,0.042600000000,  -0.03600,
,,,0.042700000000,  -0.02900,
,,,0.042800000000,  -0.02700,
,,,0.042900000000,  -0.01200,
,,,0.043000000000,  -0.00900,
,,,0.043100000000,   0.00000,
,,,0.043200000000,  -0.00600,
,,,0.043300000000,   0.01100,
,,,0.043400000000,   0.02000,
,,,0.043500000000,   0.01700,
,,,0.043600000000,   0.02700,
,,,0.043700000000,   0.03400,
,,,0.043800000000,   0.03100,
,,,0.043900000000,   0.03500,
,,,0.044000000000,   0.03400,
,,,0.044100000000,   0.02700,
,,,0.044200000000,   0.01300,
,,,0.044300000000,   0.00500,
,,,0.044400000000,   0.00200,
,,,0.044500000000,  -0.01200,
,,,0.044600000000,  -0.01900,
,,,0.044700000000,  -0.02500,
,,,0.044800000000,  -0.04100,
,,,0.044900000000,  -0.02700,
,,,0.045000000000,  -0.02900,
,,,0.045100000000,  -0.02400,
,,,0.045200000000,  -0.01700,
,,,0.045300000000,  -0.00700,
,,,0.045400000000,   0.00100,
,,,0.045500000000,   0.00000,
,,,0.045600000000,   0.00200,
,,,0.045700000000,   0.00800,
,,,0.045800000000,   0.00700,
,,,0.045900000000,   0.02600,
,,,0.046000000000,   0.02700,
,,,0.046100000000,   0.02900,
,,,0.046200000000,   0.03700,
,,,0.046300000000,   0.03400,
,,,0.046400000000,   0.03400,
,,,0.046500000000,   0.02400,
,,,0.046600000000,   0.01200,
,,,0.046700000000,  -0.00400,
,,,0.046800000000,  -0.00400,
,,,0.046900000000,  -0.01300,
,,,0.047000000000,  -0.02300,
,,,0.047100000000,  -0.03000,
,,,0.047200000000,  -0.04400,
,,,0.047300000000,  -0.03000,
,,,0.047400000000,  -0.01500,
,,,0.047500000000,  -0.00800,
,,,0.047600000000,  -0.00700,
,,,0.047700000000,  -0.00300,
,,,0.047800000000,   0.00100,
,,,0.047900000000,   0.00300,
,,,0.048000000000,   0.00400,
,,,0.048100000000,   0.01200,
,,,0.048200000000,   0.00800,
,,,0.048300000000,   0.01400,
,,,0.048400000000,   0.02200,
,,,0.048500000000,   0.03300,
,,,0.048600000000,   0.03200,
,,,0.048700000000,   0.03300,
,,,0.048800000000,   0.03000,
,,,0.048900000000,   0.02500,
,,,0.049000000000,   0.01100,
,,,0.049100000000,  -0.00400,
,,,0.049200000000,  -0.01500,
,,,0.049300000000,  -0.01900,
,,,0.049400000000,  -0.02700,
,,,0.049500000000,  -0.02500,
,,,0.049600000000,  -0.03800,
,,,0.049700000000,  -0.02300,
,,,0.049800000000,  -0.01100,
,,,0.049900000000,  -0.01200,
,,,0.050000000000,  -0.00100,
,,,0.050100000000,   0.00600,
,,,0.050200000000,   0.00200,
,,,0.050300000000,  -0.00200,
,,,0.050400000000,   0.00200,
,,,0.050500000000,   0.00700,
,,,0.050600000000,   0.00700,
,,,0.050700000000,   0.01100,
,,,0.050800000000,   0.02200,
,,,0.050900000000,   0.02800,
,,,0.051000000000,   0.02900,
,,,0.051100000000,   0.03200,
,,,0.051200000000,   0.01100,
,,,0.051300000000,   0.01700,
,,,0.051400000000,   0.00400,
,,,0.051500000000,  -0.00100,
,,,0.051600000000,  -0.01500,
,,,0.051700000000,  -0.02300,
,,,0.051800000000,  -0.03000,
,,,0.051900000000,  -0.01900,
,,,0.052000000000,  -0.02000,
,,,0.052100000000,  -0.00800,
,,,0.052200000000,  -0.00700,
,,,0.052300000000,  -0.00300,
,,,0.052400000000,   0.00400,
,,,0.052500000000,   0.00100,
,,,0.052600000000,   0.00100,
,,,0.052700000000,   0.00000,
,,,0.052800000000,   0.00300,
,,,0.052900000000,   0.00100,
,,,0.053000000000,   0.01400,
,,,0.053100000000,   0.01500,
,,,0.053200000000,   0.01500,
,,,0.053300000000,   0.01800,
,,,0.053400000000,   0.02100,
,,,0.053500000000,   0.02600,
,,,0.053600000000,   0.02000,
,,,0.053700000000,   0.00800,
,,,0.053800000000,   0.00400,
,,,0.053900000000,  -0.00200,
,,,0.054000000000,  -0.01300,
,,,0.054100000000,  -0.02300,
,,,0.054200000000,  -0.01700,
,,,0.054300000000,  -0.01200,
,,,0.054400000000,  -0.00900,
,,,0.054500000000,  -0.00500,
,,,0.054600000000,   0.00200,
,,,0.054700000000,   0.00200,
,,,0.054800000000,   0.00500,
,,,0.054900000000,   0.00600,
,,,0.055000000000,   0.00300,
,,,0.055100000000,  -0.00200,
,,,0.055200000000,   0.00300,
,,,0.055300000000,  -0.00300,
,,,0.055400000000,   0.01200,
,,,0.055500000000,   0.00300,
,,,0.055600000000,   0.01400,
,,,0.055700000000,   0.01200,
,,,0.055800000000,   0.01300,
,,,0.055900000000,   0.01900,
,,,0.056000000000,   0.00800,
,,,0.056100000000,   0.00400,
,,,0.056200000000,  -0.00100,
,,,0.056300000000,  -0.00400,
,,,0.056400000000,  -0.00900,
,,,0.056500000000,  -0.00800,
,,,0.056600000000,  -0.00400,
,,,0.056700000000,  -0.00900,
,,,0.056800000000,  -0.01000,
,,,0.056900000000,   0.00300,
,,,0.057000000000,   0.00600,
,,,0.057100000000,  -0.00700,
,,,0.057200000000,   0.00100,
,,,0.057300000000,   0.00200,
,,,0.057400000000,   0.00400,
,,,0.057500000000,   0.00600,
,,,0.057600000000,  -0.00100,
,,,0.057700000000,   0.00500,
,,,0.057800000000,  -0.00500,
,,,0.057900000000,   0.01100,
,,,0.058000000000,  -0.00100,
,,,0.058100000000,   0.00600,
,,,0.058200000000,   0.00200,
,,,0.058300000000,   0.00500,
,,,0.058400000000,   0.00700,
,,,0.058500000000,   0.00200,
,,,0.058600000000,   0.00100,
,,,0.058700000000,  -0.00200,
,,,0.058800000000,   0.00300,
,,,0.058900000000,   0.00700,
,,,0.059000000000,   0.00200,
,,,0.059100000000,  -0.00300,
,,,0.059200000000,   0.00100,
,,,0.059300000000,   0.00400,
,,,0.059400000000,   0.00200,
,,,0.059500000000,  -0.00300,
,,,0.059600000000,  -0.00100,
,,,0.059700000000,   0.00300,
,,,0.059800000000,   0.00500,
,,,0.059900000000,   0.00600,
,,,0.060000000000,   0.00200,
,,,0.060100000000,  -0.00300,
,,,0.060200000000,  -0.01200,
,,,0.060300000000,  -0.00700,
,,,0.060400000000,  -0.00300,
,,,0.060500000000,  -0.00100,
,,,0.060600000000,  -0.00200,
,,,0.060700000000,  -0.01500,
,,,0.060800000000,   0.00300,
,,,0.060900000000,   0.00800,
,,,0.061000000000,   0.00900,
,,,0.061100000000,   0.01000,
,,,0.061200000000,   0.01100,
,,,0.061300000000,   0.00600,
,,,0.061400000000,   0.01600,
,,,0.061500000000,   0.00900,
,,,0.061600000000,   0.00800,
,,,0.061700000000,  -0.00400,
,,,0.061800000000,   0.00700,
,,,0.061900000000,  -0.00400,
,,,0.062000000000,   0.00600,
,,,0.062100000000,   0.00400,
,,,0.062200000000,   0.00100,
,,,0.062300000000,   0.00300,
,,,0.062400000000,   0.00300,
,,,0.062500000000,  -0.01200,
,,,0.062600000000,  -0.00900,
,,,0.062700000000,  -0.01200,
,,,0.062800000000,  -0.01100,
,,,0.062900000000,  -0.02300,
,,,0.063000000000,  -0.01000,
,,,0.063100000000,  -0.00300,
,,,0.063200000000,  -0.00600,
,,,0.063300000000,   0.00600,
,,,0.063400000000,   0.02100,
,,,0.063500000000,   0.01400,
,,,0.063600000000,   0.02000,
,,,0.063700000000,   0.02100,
,,,0.063800000000,   0.01600,
,,,0.063900000000,   0.01600,
,,,0.064000000000,   0.00600,
,,,0.064100000000,   0.00500,
,,,0.064200000000,  -0.00300,
,,,0.064300000000,   0.00400,
,,,0.064400000000,   0.00300,
,,,0.064500000000,   0.00400,
,,,0.064600000000,   0.00100,
,,,0.064700000000,  -0.01300,
,,,0.064800000000,  -0.00600,
,,,0.064900000000,  -0.01000,
,,,0.065000000000,  -0.01700,
,,,0.065100000000,  -0.01700,
,,,0.065200000000,  -0.02300,
,,,0.065300000000,  -0.02300,
,,,0.065400000000,  -0.00800,
,,,0.065500000000,  -0.00300,
,,,0.065600000000,   0.00400,
,,,0.065700000000,   0.00700,
,,,0.065800000000,   0.02500,
,,,0.065900000000,   0.03500,
,,,0.066000000000,   0.03300,
,,,0.066100000000,   0.02700,
,,,0.066200000000,   0.01600,
,,,0.066300000000,   0.00400,
,,,0.066400000000,   0.00800,
,,,0.066500000000,   0.00900,
,,,0.066600000000,   0.00600,
,,,0.066700000000,   0.00200,
,,,0.066800000000,   0.00000,
,,,0.066900000000,  -0.00300,
,,,0.067000000000,   0.00100,
,,,0.067100000000,  -0.00700,
,,,0.067200000000,  -0.01800,
,,,0.067300000000,  -0.01700,
,,,0.067400000000,  -0.02000,
,,,0.067500000000,  -0.03400,
,,,0.067600000000,  -0.02500,
,,,0.067700000000,  -0.02900,
,,,0.067800000000,  -0.01200,
,,,0.067900000000,   0.00200,
,,,0.068000000000,   0.01400,
,,,0.068100000000,   0.02000,
,,,0.068200000000,   0.03300,
,,,0.068300000000,   0.02500,
,,,0.068400000000,   0.03700,
,,,0.068500000000,   0.03600,
,,,0.068600000000,   0.01400,
,,,0.068700000000,   0.01300,
,,,0.068800000000,   0.01000,
,,,0.068900000000,   0.01000,
,,,0.069000000000,  -0.00200,
,,,0.069100000000,   0.00200,
,,,0.069200000000,  -0.00100,
,,,0.069300000000,  -0.00700,
,,,0.069400000000,  -0.00700,
,,,0.069500000000,  -0.01200,
,,,0.069600000000,  -0.02000,
,,,0.069700000000,  -0.03400,
,,,0.069800000000,  -0.02900,
,,,0.069900000000,  -0.03400,
,,,0.070000000000,  -0.02200,
,,,0.070100000000,  -0.01700,
,,,0.070200000000,  -0.00700,
,,,0.070300000000,   0.00800,
,,,0.070400000000,   0.02100,
,,,0.070500000000,   0.03200,
,,,0.070600000000,   0.03500,
,,,0.070700000000,   0.03600,
,,,0.070800000000,   0.03700,
,,,0.070900000000,   0.02400,
,,,0.071000000000,   0.02300,
,,,0.071100000000,   0.01600,
,,,0.071200000000,   0.00700,
,,,0.071300000000,   0.00800,
,,,0.071400000000,   0.00800,
,,,0.071500000000,  -0.00100,
,,,0.071600000000,  -0.00200,
,,,0.071700000000,  -0.01600,
,,,0.071800000000,  -0.02100,
,,,0.071900000000,  -0.01800,
,,,0.072000000000,  -0.02600,
,,,0.072100000000,  -0.03100,
,,,0.072200000000,  -0.03200,
,,,0.072300000000,  -0.02900,
,,,0.072400000000,  -0.02700,
,,,0.072500000000,  -0.01000,
,,,0.072600000000,  -0.00200,
,,,0.072700000000,   0.01300,
,,,0.072800000000,   0.02400,
,,,0.072900000000,   0.03200,
,,,0.073000000000,   0.03600,
,,,0.073100000000,   0.03100,
,,,0.073200000000,   0.03600,
,,,0.073300000000,   0.03600,
,,,0.073400000000,   0.02700,
,,,0.073500000000,   0.02300,
,,,0.073600000000,   0.01500,
,,,0.073700000000,   0.00300,
,,,0.073800000000,   0.00200,
,,,0.073900000000,  -0.00200,
,,,0.074000000000,  -0.00900,
,,,0.074100000000,  -0.01700,
,,,0.074200000000,  -0.02700,
,,,0.074300000000,  -0.02700,
,,,0.074400000000,  -0.03100,
,,,0.074500000000,  -0.03500,
,,,0.074600000000,  -0.02600,
,,,0.074700000000,  -0.02500,
,,,0.074800000000,  -0.01100,
,,,0.074900000000,   0.00300,
,,,0.075000000000,   0.00400,
,,,0.075100000000,   0.01200,
,,,0.075200000000,   0.01900,
,,,0.075300000000,   0.02600,
,,,0.075400000000,   0.03200,
,,,0.075500000000,   0.03300,
,,,0.075600000000,   0.03600,
,,,0.075700000000,   0.03300,
,,,0.075800000000,   0.02200,
,,,0.075900000000,   0.02800,
,,,0.076000000000,   0.01600,
,,,0.076100000000,   0.00200,
,,,0.076200000000,  -0.00500,
,,,0.076300000000,  -0.01600,
,,,0.076400000000,  -0.01600,
,,,0.076500000000,  -0.02300,
,,,0.076600000000,  -0.02900,
,,,0.076700000000,  -0.03600,
,,,0.076800000000,  -0.02600,
,,,0.076900000000,  -0.02600,
,,,0.077000000000,  -0.01800,
,,,0.077100000000,  -0.01900,
,,,0.077200000000,  -0.00800,
,,,0.077300000000,  -0.00200,
,,,0.077400000000,   0.00900,
,,,0.077500000000,   0.01800,
,,,0.077600000000,   0.01700,
,,,0.077700000000,   0.02000,
,,,0.077800000000,   0.03500,
,,,0.077900000000,   0.03400,
,,,0.078000000000,   0.02800,
,,,0.078100000000,   0.03800,
,,,0.078200000000,   0.03000,
,,,0.078300000000,   0.02100,
,,,0.078400000000,   0.01700,
,,,0.078500000000,  -0.00300,
,,,0.078600000000,  -0.01100,
,,,0.078700000000,  -0.01900,
,,,0.078800000000,  -0.02400,
,,,0.078900000000,  -0.02500,
,,,0.079000000000,  -0.02900,
,,,0.079100000000,  -0.03100,
,,,0.079200000000,  -0.03200,
,,,0.079300000000,  -0.01800,
,,,0.079400000000,  -0.00500,
,,,0.079500000000,  -0.00300,
,,,0.079600000000,  -0.00400,
,,,0.079700000000,   0.00100,
,,,0.079800000000,   0.01100,
,,,0.079900000000,   0.01700,
,,,0.080000000000,   0.01700,
,,,0.080100000000,   0.02200,
,,,0.080200000000,   0.02200,
,,,0.080300000000,   0.03400,
,,,0.080400000000,   0.03300,
,,,0.080500000000,   0.03800,
,,,0.080600000000,   0.02700,
,,,0.080700000000,   0.01800,
,,,0.080800000000,   0.01300,
,,,0.080900000000,  -0.00300,
,,,0.081000000000,  -0.01000,
,,,0.081100000000,  -0.02400,
,,,0.081200000000,  -0.03400,
,,,0.081300000000,  -0.02700,
,,,0.081400000000,  -0.02400,
,,,0.081500000000,  -0.02100,
,,,0.081600000000,  -0.01800,
,,,0.081700000000,  -0.01000,
,,,0.081800000000,  -0.00500,
,,,0.081900000000,  -0.00200,
,,,0.082000000000,   0.00500,
,,,0.082100000000,   0.00700,
,,,0.082200000000,  -0.00200,
,,,0.082300000000,   0.00700,
,,,0.082400000000,   0.01400,
,,,0.082500000000,   0.01800,
,,,0.082600000000,   0.02500,
,,,0.082700000000,   0.01900,
,,,0.082800000000,   0.03800,
,,,0.082900000000,   0.02700,
,,,0.083000000000,   0.03000,
,,,0.083100000000,   0.00500,
,,,0.083200000000,   0.00300,
,,,0.083300000000,  -0.00900,
,,,0.083400000000,  -0.01200,
,,,0.083500000000,  -0.02200,
,,,0.083600000000,  -0.03000,
,,,0.083700000000,  -0.02600,
,,,0.083800000000,  -0.02400,
,,,0.083900000000,  -0.01300,
,,,0.084000000000,  -0.00500,
,,,0.084100000000,  -0.00300,
,,,0.084200000000,  -0.01400,
,,,0.084300000000,   0.00500,
,,,0.084400000000,   0.00500,
,,,0.084500000000,   0.00300,
,,,0.084600000000,   0.00000,
,,,0.084700000000,   0.00100,
,,,0.084800000000,   0.00900,
,,,0.084900000000,   0.02000,
,,,0.085000000000,   0.02500,
,,,0.085100000000,   0.02900,
,,,0.085200000000,   0.02800,
,,,0.085300000000,   0.02600,
,,,0.085400000000,   0.01900,
,,,0.085500000000,   0.01300,
,,,0.085600000000,  -0.00100,
,,,0.085700000000,  -0.01000,
,,,0.085800000000,  -0.01600,
,,,0.085900000000,  -0.01800,
,,,0.086000000000,  -0.01600,
,,,0.086100000000,  -0.02200,
,,,0.086200000000,  -0.01700,
,,,0.086300000000,  -0.00800,
,,,0.086400000000,  -0.00600,
,,,0.086500000000,   0.00600,
,,,0.086600000000,  -0.00200,
,,,0.086700000000,   0.00500,
,,,0.086800000000,  -0.01000,
,,,0.086900000000,   0.00700,
,,,0.087000000000,   0.00100,
,,,0.087100000000,   0.00300,
,,,0.087200000000,   0.00600,
,,,0.087300000000,   0.00700,
,,,0.087400000000,   0.02300,
,,,0.087500000000,   0.02500,
,,,0.087600000000,   0.01800,
,,,0.087700000000,   0.01500,
,,,0.087800000000,   0.01500,
,,,0.087900000000,   0.01000,
,,,0.088000000000,  -0.00500,
,,,0.088100000000,  -0.00900,
,,,0.088200000000,  -0.00900,
,,,0.088300000000,  -0.01400,
,,,0.088400000000,  -0.01300,
,,,0.088500000000,  -0.00600,
,,,0.088600000000,  -0.01100,
,,,0.088700000000,  -0.00600,
,,,0.088800000000,   0.00000,
,,,0.088900000000,   0.00200,
,,,0.089000000000,   0.01100,
,,,0.089100000000,   0.00100,
,,,0.089200000000,   0.00200,
,,,0.089300000000,   0.00200,
,,,0.089400000000,   0.00600,
,,,0.089500000000,   0.00400,
,,,0.089600000000,   0.00800,
,,,0.089700000000,   0.00700,
,,,0.089800000000,   0.00700,
,,,0.089900000000,   0.01700,
,,,0.090000000000,   0.01000,
,,,0.090100000000,   0.00700,
,,,0.090200000000,   0.00200,
,,,0.090300000000,   0.00300,
,,,0.090400000000,  -0.00600,
,,,0.090500000000,  -0.00100,
,,,0.090600000000,  -0.00300,
,,,0.090700000000,  -0.00900,
,,,0.090800000000,  -0.01100,
,,,0.090900000000,   0.00200,
,,,0.091000000000,   0.00000,
,,,0.091100000000,   0.00300,
,,,0.091200000000,  -0.00100,
,,,0.091300000000,   0.00200,
,,,0.091400000000,   0.00400,
,,,0.091500000000,  -0.00500,
,,,0.091600000000,  -0.00100,
,,,0.091700000000,   0.00300,
,,,0.091800000000,   0.00700,
,,,0.091900000000,   0.00300,
,,,0.092000000000,  -0.00300,
,,,0.092100000000,   0.00200,
,,,0.092200000000,   0.00100,
,,,0.092300000000,  -0.00100,
,,,0.092400000000,   0.00200,
,,,0.092500000000,   0.00400,
,,,0.092600000000,  -0.00200,
,,,0.092700000000,   0.00100,
,,,0.092800000000,   0.00700,
,,,0.092900000000,   0.00700,
,,,0.093000000000,   0.00700,
,,,0.093100000000,   0.00400,
,,,0.093200000000,   0.00100,
,,,0.093300000000,   0.00500,
,,,0.093400000000,  -0.00100,
,,,0.093500000000,   0.00600,
,,,0.093600000000,   0.00300,
,,,0.093700000000,  -0.00800,
,,,0.093800000000,   0.00300,
,,,0.093900000000,   0.00700,
,,,0.094000000000,   0.00600,
,,,0.094100000000,  -0.00500,
,,,0.094200000000,  -0.00500,
,,,0.094300000000,   0.00200,
,,,0.094400000000,   0.00300,
,,,0.094500000000,  -0.00600,
,,,0.094600000000,  -0.00800,
,,,0.094700000000,  -0.01000,
,,,0.094800000000,  -0.00500,
,,,0.094900000000,   0.00600,
,,,0.095000000000,   0.00200,
,,,0.095100000000,   0.00700,
,,,0.095200000000,   0.01000,
,,,0.095300000000,   0.01800,
,,,0.095400000000,   0.01900,
,,,0.095500000000,   0.01400,
,,,0.095600000000,   0.00800,
,,,0.095700000000,   0.00600,
,,,0.095800000000,   0.00300,
,,,0.095900000000,   0.00800,
,,,0.096000000000,  -0.00300,
,,,0.096100000000,   0.00100,
,,,0.096200000000,  -0.00100,
,,,0.096300000000,   0.00200,
,,,0.096400000000,   0.00500,
,,,0.096500000000,   0.00100,
,,,0.096600000000,  -0.01000,
,,,0.096700000000,  -0.00700,
,,,0.096800000000,  -0.01300,
,,,0.096900000000,  -0.01600,
,,,0.097000000000,  -0.02300,
,,,0.097100000000,  -0.01500,
,,,0.097200000000,  -0.01300,
,,,0.097300000000,  -0.00100,
,,,0.097400000000,   0.00800,
,,,0.097500000000,   0.01600,
,,,0.097600000000,   0.01600,
,,,0.097700000000,   0.02300,
,,,0.097800000000,   0.02900,
,,,0.097900000000,   0.02600,
,,,0.098000000000,   0.01800,
,,,0.098100000000,   0.00900,
,,,0.098200000000,  -0.00300,
,,,0.098300000000,   0.00400,
,,,0.098400000000,   0.00800,
,,,0.098500000000,   0.00100,
,,,0.098600000000,  -0.00100,
,,,0.098700000000,  -0.00100,
,,,0.098800000000,  -0.00200,
,,,0.098900000000,  -0.00300,
,,,0.099000000000,  -0.00600,
,,,0.099100000000,  -0.01600,
,,,0.099200000000,  -0.02500,
,,,0.099300000000,  -0.02600,
,,,0.099400000000,  -0.02200,
,,,0.099500000000,  -0.01700,
,,,0.099600000000,  -0.01000,
,,,0.099700000000,   0.00200,
,,,0.099800000000,   0.01200,
,,,0.099900000000,   0.02200,
,,,0.100000000000,   0.03300,
,,,0.100100000000,   0.03200,
,,,0.100200000000,   0.02000,
,,,0.100300000000,   0.02300,
,,,0.100400000000,   0.02300,
,,,0.100500000000,   0.01400,
,,,0.100600000000,  -0.00200,
,,,0.100700000000,   0.00200,
,,,0.100800000000,   0.00500,
,,,0.100900000000,  -0.00500,
,,,0.101000000000,   0.00000,
,,,0.101100000000,  -0.00100,
,,,0.101200000000,  -0.00800,
,,,0.101300000000,  -0.01000,
,,,0.101400000000,  -0.02200,
,,,0.101500000000,  -0.02300,
,,,0.101600000000,  -0.03100,
,,,0.101700000000,  -0.03300,
,,,0.101800000000,  -0.02500,
,,,0.101900000000,  -0.01500,
,,,0.102000000000,  -0.00700,
,,,0.102100000000,   0.01000,
,,,0.102200000000,   0.01000,
,,,0.102300000000,   0.03200,
,,,0.102400000000,   0.03800,
,,,0.102500000000,   0.03500,
,,,0.102600000000,   0.03600,
,,,0.102700000000,   0.02300,
,,,0.102800000000,   0.02000,
,,,0.102900000000,   0.02200,
,,,0.103000000000,   0.00800,
,,,0.103100000000,   0.00100,
,,,0.103200000000,  -0.00400,
,,,0.103300000000,   0.00200,
,,,0.103400000000,   0.00000,
,,,0.103500000000,  -0.00900,
,,,0.103600000000,  -0.01400,
,,,0.103700000000,  -0.02800,
,,,0.103800000000,  -0.02600,
,,,0.103900000000,  -0.02700,
,,,0.104000000000,  -0.02900,
,,,0.104100000000,  -0.02500,
,,,0.104200000000,  -0.02300,
,,,0.104300000000,  -0.01000,
,,,0.104400000000,   0.00200,
,,,0.104500000000,   0.01600,
,,,0.104600000000,   0.02600,
,,,0.104700000000,   0.02700,
,,,0.104800000000,   0.03400,
,,,0.104900000000,   0.04100,
,,,0.105000000000,   0.03300,
,,,0.105100000000,   0.02700,
,,,0.105200000000,   0.02200,
,,,0.105300000000,   0.01500,
,,,0.105400000000,   0.01700,
,,,0.105500000000,   0.00400,
,,,0.105600000000,   0.00100,
,,,0.105700000000,  -0.00700,
,,,0.105800000000,  -0.01100,
,,,0.105900000000,  -0.01100,
,,,0.106000000000,  -0.03100,
,,,0.106100000000,  -0.02700,
,,,0.106200000000,  -0.03400,
,,,0.106300000000,  -0.04000,
,,,0.106400000000,  -0.02600,
,,,0.106500000000,  -0.01600,
,,,0.106600000000,  -0.01500,
,,,0.106700000000,  -0.01400,
,,,0.106800000000,   0.00400,
,,,0.106900000000,   0.01800,
,,,0.107000000000,   0.02100,
,,,0.107100000000,   0.02700,
,,,0.107200000000,   0.03400,
,,,0.107300000000,   0.03500,
,,,0.107400000000,   0.03900,
,,,0.107500000000,   0.03600,
,,,0.107600000000,   0.02300,
,,,0.107700000000,   0.01900,
,,,0.107800000000,   0.00700,
,,,0.107900000000,   0.01000,
,,,0.108000000000,  -0.00800,
,,,0.108100000000,  -0.00500,
,,,0.108200000000,  -0.02700,
,,,0.108300000000,  -0.02000,
,,,0.108400000000,  -0.02800,
,,,0.108500000000,  -0.02500,
,,,0.108600000000,  -0.03000,
,,,0.108700000000,  -0.03300,
,,,0.108800000000,  -0.02000,
,,,0.108900000000,  -0.01300,
,,,0.109000000000,  -0.00600,
,,,0.109100000000,   0.00500,
,,,0.109200000000,   0.00400,
,,,0.109300000000,   0.00800,
,,,0.109400000000,   0.02300,
,,,0.109500000000,   0.03500,
,,,0.109600000000,   0.03200,
,,,0.109700000000,   0.03000,
,,,0.109800000000,   0.03300,
,,,0.109900000000,   0.03500,
,,,0.110000000000,   0.02900,
,,,0.110100000000,   0.01900,
,,,0.110200000000,   0.00900,
,,,0.110300000000,   0.00300,
,,,0.110400000000,  -0.00800,
,,,0.110500000000,  -0.02300,
,,,0.110600000000,  -0.02300,
,,,0.110700000000,  -0.02900,
,,,0.110800000000,  -0.03200,
,,,0.110900000000,  -0.03300,
,,,0.111000000000,  -0.02100,
,,,0.111100000000,  -0.01700,
,,,0.111200000000,  -0.01500,
,,,0.111300000000,  -0.00700,
,,,0.111400000000,   0.00200,
,,,0.111500000000,  -0.00100,
,,,0.111600000000,   0.01100,
,,,0.111700000000,   0.00700,
,,,0.111800000000,   0.02200,
,,,0.111900000000,   0.02000,
,,,0.112000000000,   0.03500,
,,,0.112100000000,   0.03500,
,,,0.112200000000,   0.03200,
,,,0.112300000000,   0.03500,
,,,0.112400000000,   0.02700,
,,,0.112500000000,   0.01900,
,,,0.112600000000,   0.00900,
,,,0.112700000000,  -0.00300,
,,,0.112800000000,  -0.02100,
,,,0.112900000000,  -0.02200,
,,,0.113000000000,  -0.02600,
,,,0.113100000000,  -0.03000,
,,,0.113200000000,  -0.04100,
,,,0.113300000000,  -0.02800,
,,,0.113400000000,  -0.01400,
,,,0.113500000000,  -0.01800,
,,,0.113600000000,  -0.00600,
,,,0.113700000000,  -0.00200,
,,,0.113800000000,   0.00000,
,,,0.113900000000,   0.00800,
,,,0.114000000000,   0.00900,
,,,0.114100000000,   0.01200,
,,,0.114200000000,   0.00400,
,,,0.114300000000,   0.02500,
,,,0.114400000000,   0.02400,
,,,0.114500000000,   0.03500,
,,,0.114600000000,   0.03200,
,,,0.114700000000,   0.03600,
,,,0.114800000000,   0.02400,
,,,0.114900000000,   0.01600,
,,,0.115000000000,   0.00800,
,,,0.115100000000,  -0.00900,
,,,0.115200000000,  -0.02000,
,,,0.115300000000,  -0.02300,
,,,0.115400000000,  -0.02500,
,,,0.115500000000,  -0.03500,
,,,0.115600000000,  -0.02600,
,,,0.115700000000,  -0.01700,
,,,0.115800000000,  -0.00800,
,,,0.115900000000,  -0.00900,
,,,0.116000000000,   0.00000,
,,,0.116100000000,  -0.00100,
,,,0.116200000000,  -0.00300,
,,,0.116300000000,   0.00100,
,,,0.116400000000,   0.00700,
,,,0.116500000000,   0.01000,
,,,0.116600000000,   0.00600,
,,,0.116700000000,   0.01300,
,,,0.116800000000,   0.02900,
,,,0.116900000000,   0.03700,
,,,0.117000000000,   0.03300,
,,,0.117100000000,   0.01900,
,,,0.117200000000,   0.02000,
,,,0.117300000000,   0.01300,
,,,0.117400000000,   0.00500,
,,,0.117500000000,  -0.00800,
,,,0.117600000000,  -0.01800,
,,,0.117700000000,  -0.03200,
,,,0.117800000000,  -0.02400,
,,,0.117900000000,  -0.02200,
,,,0.118000000000,  -0.01400,
,,,0.118100000000,  -0.01100,
,,,0.118200000000,  -0.00700,
,,,0.118300000000,  -0.00700,
,,,0.118400000000,   0.00200,
,,,0.118500000000,   0.00200,
,,,0.118600000000,  -0.00300,
,,,0.118700000000,   0.00100,
,,,0.118800000000,   0.00600,
,,,0.118900000000,   0.00200,
,,,0.119000000000,   0.01200,
,,,0.119100000000,   0.01800,
,,,0.119200000000,   0.02200,
,,,0.119300000000,   0.01600,
,,,0.119400000000,   0.02700,
,,,0.119500000000,   0.02500,
,,,0.119600000000,   0.01200,
,,,0.119700000000,   0.00200,
,,,0.119800000000,  -0.00200,
,,,0.119900000000,  -0.02100,
,,,0.120000000000,  -0.01500,
,,,0.120100000000,  -0.02100,
,,,0.120200000000,  -0.02200,
,,,0.120300000000,  -0.01000,
,,,0.120400000000,  -0.00600,
,,,0.120500000000,   0.00000,
,,,0.120600000000,  -0.00200,
,,,0.120700000000,  -0.00200,
,,,0.120800000000,   0.00300,
,,,0.120900000000,   0.00600,
,,,0.121000000000,   0.00400,
,,,0.121100000000,  -0.00200,
,,,0.121200000000,   0.00200,
,,,0.121300000000,   0.00700,
,,,0.121400000000,   0.01600,
,,,0.121500000000,   0.01700,
,,,0.121600000000,   0.01600,
,,,0.121700000000,   0.01300,
,,,0.121800000000,   0.02000,
,,,0.121900000000,   0.01400,
,,,0.122000000000,   0.00800,
,,,0.122100000000,  -0.00200,
,,,0.122200000000,  -0.00600,
,,,0.122300000000,  -0.00600,
,,,0.122400000000,  -0.00700,
,,,0.122500000000,  -0.01100,
,,,0.122600000000,  -0.01500,
,,,0.122700000000,  -0.01300,
,,,0.122800000000,  -0.00200,
,,,0.122900000000,   0.00500,
,,,0.123000000000,   0.00600,
,,,0.123100000000,  -0.00100,
,,,0.123200000000,  -0.00100,
,,,0.123300000000,  -0.00200,
,,,0.123400000000,   0.00400,
,,,0.123500000000,   0.00500,
,,,0.123600000000,  -0.00100,
,,,0.123700000000,   0.00300,
,,,0.123800000000,   0.01100,
,,,0.123900000000,   0.00200,
,,,0.124000000000,   0.01000,
,,,0.124100000000,   0.00400,
,,,0.124200000000,   0.00700,
,,,0.124300000000,   0.00500,
,,,0.124400000000,   0.00700,
,,,0.124500000000,   0.00000,
,,,0.124600000000,   0.00100,
,,,0.124700000000,  -0.00800,
,,,0.124800000000,  -0.00100,
,,,0.124900000000,   0.00500,
,,,0.125000000000,  -0.00600,
,,,0.125100000000,   0.00000,
,,,0.125200000000,   0.00300,
,,,0.125300000000,   0.00300,
,,,0.125400000000,  -0.00400,
,,,0.125500000000,   0.00200,
,,,0.125600000000,   0.00300,
,,,0.125700000000,   0.00200,
,,,0.125800000000,   0.00600,
,,,0.125900000000,   0.00500,
,,,0.126000000000,   0.00500,
,,,0.126100000000,  -0.00200,
,,,0.126200000000,  -0.00300,
,,,0.126300000000,  -0.00200,
,,,0.126400000000,   0.00100,
,,,0.126500000000,  -0.00100,
,,,0.126600000000,   0.00000,
,,,0.126700000000,  -0.00100,
,,,0.126800000000,  -0.00400,
,,,0.126900000000,   0.00900,
,,,0.127000000000,   0.00700,
,,,0.127100000000,   0.00600,
,,,0.127200000000,   0.00800,
,,,0.127300000000,   0.00700,
,,,0.127400000000,   0.01100,
,,,0.127500000000,   0.00300,
,,,0.127600000000,   0.00100,
,,,0.127700000000,   0.00300,
,,,0.127800000000,  -0.00100,
,,,0.127900000000,   0.00300,
,,,0.128000000000,   0.00600,
,,,0.128100000000,  -0.00100,
,,,0.128200000000,  -0.01000,
,,,0.128300000000,   0.00100,
,,,0.128400000000,   0.00200,
,,,0.128500000000,  -0.00300,
,,,0.128600000000,  -0.01100,
,,,0.128700000000,  -0.02000,
,,,0.128800000000,  -0.00900,
,,,0.128900000000,  -0.00600,
,,,0.129000000000,  -0.00500,
,,,0.129100000000,   0.00100,
,,,0.129200000000,  -0.00100,
,,,0.129300000000,   0.01300,
,,,0.129400000000,   0.01200,
,,,0.129500000000,   0.02200,
,,,0.129600000000,   0.02100,
,,,0.129700000000,   0.01200,
,,,0.129800000000,   0.00400,
,,,0.129900000000,   0.01300,
,,,0.130000000000,   0.00300,
,,,0.130100000000,  -0.00800,
,,,0.130200000000,   0.00000,
,,,0.130300000000,   0.00300,
,,,0.130400000000,   0.01000,
,,,0.130500000000,   0.00300,
,,,0.130600000000,   0.00200,
,,,0.130700000000,  -0.00900,
,,,0.130800000000,  -0.00400,
,,,0.130900000000,  -0.02200,
,,,0.131000000000,  -0.01700,
,,,0.131100000000,  -0.01800,
,,,0.131200000000,  -0.02000,
,,,0.131300000000,  -0.01000,
,,,0.131400000000,  -0.00600,
,,,0.131500000000,  -0.00700,
,,,0.131600000000,   0.01200,
,,,0.131700000000,   0.01900,
,,,0.131800000000,   0.02900,
,,,0.131900000000,   0.02300,
,,,0.132000000000,   0.02800,
,,,0.132100000000,   0.02200,
,,,0.132200000000,   0.00800,
,,,0.132300000000,   0.00900,
,,,0.132400000000,   0.00700,
,,,0.132500000000,  -0.00700,
,,,0.132600000000,   0.00300,
,,,0.132700000000,  -0.00200,
,,,0.132800000000,   0.00100,
,,,0.132900000000,   0.00100,
,,,0.133000000000,  -0.00200,
,,,0.133100000000,  -0.01300,
,,,0.133200000000,  -0.01800,
,,,0.133300000000,  -0.01900,
,,,0.133400000000,  -0.02100,
,,,0.133500000000,  -0.02700,
,,,0.133600000000,  -0.01800,
,,,0.133700000000,  -0.02100,
,,,0.133800000000,  -0.00200,
,,,0.133900000000,   0.01000,
,,,0.134000000000,   0.01000,
,,,0.134100000000,   0.03000,
,,,0.134200000000,   0.03100,
,,,0.134300000000,   0.03300,
,,,0.134400000000,   0.02900,
,,,0.134500000000,   0.02700,
,,,0.134600000000,   0.01500,
,,,0.134700000000,   0.00600,
,,,0.134800000000,   0.00100,
,,,0.134900000000,   0.00500,
,,,0.135000000000,   0.00600,
,,,0.135100000000,   0.00400,
,,,0.135200000000,  -0.00600,
,,,0.135300000000,  -0.00800,
,,,0.135400000000,  -0.01100,
,,,0.135500000000,  -0.02600,
,,,0.135600000000,  -0.02600,
,,,0.135700000000,  -0.03000,
,,,0.135800000000,  -0.02700,
,,,0.135900000000,  -0.02800,
,,,0.136000000000,  -0.02100,
,,,0.136100000000,  -0.00800,
,,,0.136200000000,  -0.00400,
,,,0.136300000000,   0.00600,
,,,0.136400000000,   0.02700,
,,,0.136500000000,   0.03400,
,,,0.136600000000,   0.03800,
,,,0.136700000000,   0.03600,
,,,0.136800000000,   0.03000,
,,,0.136900000000,   0.02700,
,,,0.137000000000,   0.02000,
,,,0.137100000000,   0.01200,
,,,0.137200000000,   0.00900,
,,,0.137300000000,  -0.00200,
,,,0.137400000000,   0.00700,
,,,0.137500000000,  -0.00100,
,,,0.137600000000,  -0.01800,
,,,0.137700000000,  -0.01500,
,,,0.137800000000,  -0.01300,
,,,0.137900000000,  -0.02200,
,,,0.138000000000,  -0.03400,
,,,0.138100000000,  -0.03400,
,,,0.138200000000,  -0.03200,
,,,0.138300000000,  -0.02500,
,,,0.138400000000,  -0.01300,
,,,0.138500000000,  -0.00100,
,,,0.138600000000,   0.00300,
,,,0.138700000000,   0.01600,
,,,0.138800000000,   0.03200,
,,,0.138900000000,   0.02800,
,,,0.139000000000,   0.04000,
,,,0.139100000000,   0.03300,
,,,0.139200000000,   0.03000,
,,,0.139300000000,   0.02900,
,,,0.139400000000,   0.02200,
,,,0.139500000000,   0.01700,
,,,0.139600000000,   0.01000,
,,,0.139700000000,  -0.00200,
,,,0.139800000000,   0.00200,
,,,0.139900000000,  -0.00700,
,,,0.140000000000,  -0.00900,
,,,0.140100000000,  -0.02100,
,,,0.140200000000,  -0.03800,
,,,0.140300000000,  -0.02900,
,,,0.140400000000,  -0.03000,
,,,0.140500000000,  -0.03100,
,,,0.140600000000,  -0.02600,
,,,0.140700000000,  -0.01600,
,,,0.140800000000,  -0.00500,
,,,0.140900000000,  -0.00100,
,,,0.141000000000,   0.01100,
,,,0.141100000000,   0.02100,
,,,0.141200000000,   0.02900,
,,,0.141300000000,   0.03300,
,,,0.141400000000,   0.03800,
,,,0.141500000000,   0.03400,
,,,0.141600000000,   0.02400,
,,,0.141700000000,   0.02500,
,,,0.141800000000,   0.02700,
,,,0.141900000000,   0.02100,
,,,0.142000000000,   0.00700,
,,,0.142100000000,  -0.00200,
,,,0.142200000000,  -0.01500,
,,,0.142300000000,  -0.01200,
,,,0.142400000000,  -0.02200,
,,,0.142500000000,  -0.02900,
,,,0.142600000000,  -0.03100,
,,,0.142700000000,  -0.03500,
,,,0.142800000000,  -0.02700,
,,,0.142900000000,  -0.02000,
,,,0.143000000000,  -0.01600,
,,,0.143100000000,  -0.01000,
,,,0.143200000000,  -0.00500,
,,,0.143300000000,   0.00300,
,,,0.143400000000,   0.01500,
,,,0.143500000000,   0.01600,
,,,0.143600000000,   0.02500,
,,,0.143700000000,   0.02400,
,,,0.143800000000,   0.02900,
,,,0.143900000000,   0.04000,
,,,0.144000000000,   0.03600,
,,,0.144100000000,   0.02400,
,,,0.144200000000,   0.02000,
,,,0.144300000000,   0.01800,
,,,0.144400000000,   0.00700,
,,,0.144500000000,  -0.00800,
,,,0.144600000000,  -0.01300,
,,,0.144700000000,  -0.02100,
,,,0.144800000000,  -0.03400,
,,,0.144900000000,  -0.03100,
,,,0.145000000000,  -0.02900,
,,,0.145100000000,  -0.02900,
,,,0.145200000000,  -0.02000,
,,,0.145300000000,  -0.01900,
,,,0.145400000000,  -0.00500,
,,,0.145500000000,  -0.00700,
,,,0.145600000000,  -0.00200,
,,,0.145700000000,   0.00500,
,,,0.145800000000,   0.01700,
,,,0.145900000000,   0.00900,
,,,0.146000000000,   0.02200,
,,,0.146100000000,   0.02300,
,,,0.146200000000,   0.03000,
,,,0.146300000000,   0.03800,
,,,0.146400000000,   0.03200,
,,,0.146500000000,   0.03400,
,,,0.146600000000,   0.02400,
,,,0.146700000000,   0.00300,
,,,0.146800000000,   0.00400,
,,,0.146900000000,  -0.00500,
,,,0.147000000000,  -0.01800,
,,,0.147100000000,  -0.03500,
,,,0.147200000000,  -0.03200,
,,,0.147300000000,  -0.02900,
,,,0.147400000000,  -0.02100,
,,,0.147500000000,  -0.02000,
,,,0.147600000000,  -0.01500,
,,,0.147700000000,  -0.01800,
,,,0.147800000000,  -0.00100,
,,,0.147900000000,   0.00300,
,,,0.148000000000,   0.00600,
,,,0.148100000000,   0.00700,
,,,0.148200000000,   0.00700,
,,,0.148300000000,   0.00600,
,,,0.148400000000,   0.01700,
,,,0.148500000000,   0.03100,
,,,0.148600000000,   0.02800,
,,,0.148700000000,   0.02800,
,,,0.148800000000,   0.03400,
,,,0.148900000000,   0.02800,
,,,0.149000000000,   0.01900,
,,,0.149100000000,   0.00900,
,,,0.149200000000,  -0.00800,
,,,0.149300000000,  -0.00900,
,,,0.149400000000,  -0.02400,
,,,0.149500000000,  -0.02600,
,,,0.149600000000,  -0.03300,
,,,0.149700000000,  -0.02700,
,,,0.149800000000,  -0.01600,
,,,0.149900000000,  -0.01600,
,,,0.150000000000,  -0.00400,
,,,0.150100000000,  -0.00100,
,,,0.150200000000,  -0.00700,
,,,0.150300000000,   0.00500,
,,,0.150400000000,   0.00500,
,,,0.150500000000,   0.00400,
,,,0.150600000000,  -0.00500,
,,,0.150700000000,   0.00700,
,,,0.150800000000,   0.02000,
,,,0.150900000000,   0.02000,
,,,0.151000000000,   0.02800,
,,,0.151100000000,   0.03100,
,,,0.151200000000,   0.02600,
,,,0.151300000000,   0.02400,
,,,0.151400000000,   0.02000,
,,,0.151500000000,   0.00100,
,,,0.151600000000,  -0.00700,
,,,0.151700000000,  -0.02500,
,,,0.151800000000,  -0.01600,
,,,0.151900000000,  -0.02700,
,,,0.152000000000,  -0.01900,
,,,0.152100000000,  -0.03000,
,,,0.152200000000,  -0.01000,
,,,0.152300000000,  -0.00800,
,,,0.152400000000,   0.00000,
,,,0.152500000000,   0.00100,
,,,0.152600000000,  -0.00300,
,,,0.152700000000,   0.00200,
,,,0.152800000000,   0.00400,
,,,0.152900000000,  -0.00500,
,,,0.153000000000,   0.01000,
,,,0.153100000000,   0.00800,
,,,0.153200000000,   0.01200,
,,,0.153300000000,   0.02000,
,,,0.153400000000,   0.02700,
,,,0.153500000000,   0.02300,
,,,0.153600000000,   0.02200,
,,,0.153700000000,   0.01300,
,,,0.153800000000,   0.00600,
,,,0.153900000000,   0.00200,
,,,0.154000000000,  -0.00100,
,,,0.154100000000,  -0.01100,
,,,0.154200000000,  -0.01300,
,,,0.154300000000,  -0.01400,
,,,0.154400000000,  -0.01500,
,,,0.154500000000,  -0.01500,
,,,0.154600000000,  -0.00500,
,,,0.154700000000,   0.00100,
,,,0.154800000000,   0.00400,
,,,0.154900000000,   0.00200,
,,,0.155000000000,   0.00800,
,,,0.155100000000,  -0.00200,
,,,0.155200000000,  -0.00100,
,,,0.155300000000,   0.00600,
,,,0.155400000000,  -0.00600,
,,,0.155500000000,   0.01000,
,,,0.155600000000,  -0.00100,
,,,0.155700000000,   0.01400,
,,,0.155800000000,   0.01200,
,,,0.155900000000,   0.01800,
,,,0.156000000000,   0.01400,
,,,0.156100000000,   0.00700,
,,,0.156200000000,   0.00500,
,,,0.156300000000,  -0.00400,
,,,0.156400000000,  -0.00200,
,,,0.156500000000,  -0.00500,
,,,0.156600000000,  -0.00900,
,,,0.156700000000,  -0.01600,
,,,0.156800000000,  -0.00300,
,,,0.156900000000,   0.00500,
,,,0.157000000000,   0.00100,
,,,0.157100000000,  -0.01000,
,,,0.157200000000,   0.00200,
,,,0.157300000000,   0.00700,
,,,0.157400000000,   0.00200,
,,,0.157500000000,   0.00200,
,,,0.157600000000,  -0.00100,
,,,0.157700000000,   0.00000,
,,,0.157800000000,   0.00500,
,,,0.157900000000,   0.00500,
,,,0.158000000000,   0.00800,
,,,0.158100000000,   0.00500,
,,,0.158200000000,   0.00300,
,,,0.158300000000,   0.00700,
,,,0.158400000000,   0.00600,
,,,0.158500000000,   0.00200,
,,,0.158600000000,  -0.00100,
,,,0.158700000000,   0.00000,
,,,0.158800000000,  -0.00500,
,,,0.158900000000,   0.00800,
,,,0.159000000000,   0.00200,
,,,0.159100000000,  -0.00600,
,,,0.159200000000,   0.00600,
,,,0.159300000000,   0.00600,
,,,0.159400000000,   0.00100,
,,,0.159500000000,   0.00400,
,,,0.159600000000,   0.00300,
,,,0.159700000000,  -0.00400,
,,,0.159800000000,   0.00200,
,,,0.159900000000,  -0.00200,
,,,0.160000000000,   0.00600,
,,,0.160100000000,   0.00100,
,,,0.160200000000,   0.00500,
,,,0.160300000000,   0.00400,
,,,0.160400000000,  -0.00100,
,,,0.160500000000,  -0.00400,
,,,0.160600000000,  -0.01300,
,,,0.160700000000,  -0.00600,
,,,0.160800000000,   0.00000,
,,,0.160900000000,   0.00300,
,,,0.161000000000,   0.00500,
,,,0.161100000000,   0.00700,
,,,0.161200000000,   0.01100,
,,,0.161300000000,   0.01500,
,,,0.161400000000,   0.01400,
,,,0.161500000000,   0.01200,
,,,0.161600000000,   0.00200,
,,,0.161700000000,   0.00500,
,,,0.161800000000,   0.00400,
,,,0.161900000000,   0.00900,
,,,0.162000000000,  -0.00100,
,,,0.162100000000,   0.00100,
,,,0.162200000000,  -0.00700,
,,,0.162300000000,   0.00600,
,,,0.162400000000,   0.00400,
,,,0.162500000000,  -0.00100,
,,,0.162600000000,  -0.00300,
,,,0.162700000000,  -0.00500,
,,,0.162800000000,  -0.01800,
,,,0.162900000000,  -0.01500,
,,,0.163000000000,  -0.01100,
,,,0.163100000000,  -0.01100,
,,,0.163200000000,  -0.01400,
,,,0.163300000000,   0.00800,
,,,0.163400000000,   0.01400,
,,,0.163500000000,   0.01300,
,,,0.163600000000,   0.01900,
,,,0.163700000000,   0.02200,
,,,0.163800000000,   0.01400,
,,,0.163900000000,   0.01800,
,,,0.164000000000,   0.01200,
,,,0.164100000000,   0.00500,
,,,0.164200000000,   0.00500,
,,,0.164300000000,   0.00200,
,,,0.164400000000,   0.00400,
,,,0.164500000000,   0.00000,
,,,0.164600000000,   0.00200,
,,,0.164700000000,  -0.00100,
,,,0.164800000000,  -0.00100,
,,,0.164900000000,  -0.00200,
,,,0.165000000000,  -0.01900,
,,,0.165100000000,  -0.01800,
,,,0.165200000000,  -0.02100,
,,,0.165300000000,  -0.02600,
,,,0.165400000000,  -0.01400,
,,,0.165500000000,  -0.01100,
,,,0.165600000000,  -0.01200,
,,,0.165700000000,   0.00900,
,,,0.165800000000,   0.02300,
,,,0.165900000000,   0.02800,
,,,0.166000000000,   0.02800,
,,,0.166100000000,   0.02300,
,,,0.166200000000,   0.02400,
,,,0.166300000000,   0.02300,
,,,0.166400000000,   0.01400,
,,,0.166500000000,   0.00700,
,,,0.166600000000,  -0.00100,
,,,0.166700000000,  -0.00400,
,,,0.166800000000,   0.00100,
,,,0.166900000000,   0.00300,
,,,0.167000000000,   0.00200,
,,,0.167100000000,  -0.00800,
,,,0.167200000000,  -0.01000,
,,,0.167300000000,  -0.01200,
,,,0.167400000000,  -0.01700,
,,,0.167500000000,  -0.02300,
,,,0.167600000000,  -0.03400,
,,,0.167700000000,  -0.02500,
,,,0.167800000000,  -0.01900,
,,,0.167900000000,  -0.00600,
,,,0.168000000000,   0.00400,
,,,0.168100000000,   0.01400,
,,,0.168200000000,   0.02300,
,,,0.168300000000,   0.03200,
,,,0.168400000000,   0.03400,
,,,0.168500000000,   0.03800,
,,,0.168600000000,   0.01700,
,,,0.168700000000,   0.02200,
,,,0.168800000000,   0.02300,
,,,0.168900000000,   0.00200,
,,,0.169000000000,   0.00700,
,,,0.169100000000,   0.00400,
,,,0.169200000000,   0.00000,
,,,0.169300000000,  -0.00700,
,,,0.169400000000,  -0.00400,
,,,0.169500000000,  -0.00600,
,,,0.169600000000,  -0.01400,
,,,0.169700000000,  -0.02600,
,,,0.169800000000,  -0.02100,
,,,0.169900000000,  -0.03100,
,,,0.170000000000,  -0.03200,
,,,0.170100000000,  -0.02400,
,,,0.170200000000,  -0.02500,
,,,0.170300000000,   0.00100,
,,,0.170400000000,   0.00800,
,,,0.170500000000,   0.01900,
,,,0.170600000000,   0.02600,
,,,0.170700000000,   0.03300,
,,,0.170800000000,   0.03900,
,,,0.170900000000,   0.03800,
,,,0.171000000000,   0.02800,
,,,0.171100000000,   0.02300,
,,,0.171200000000,   0.00900,
,,,0.171300000000,   0.01300,
,,,0.171400000000,   0.00800,
,,,0.171500000000,  -0.00200,
,,,0.171600000000,   0.00000,
,,,0.171700000000,  -0.00800,
,,,0.171800000000,  -0.01900,
,,,0.171900000000,  -0.01700,
,,,0.172000000000,  -0.02000,
,,,0.172100000000,  -0.03200,
,,,0.172200000000,  -0.03900,
,,,0.172300000000,  -0.02800,
,,,0.172400000000,  -0.01900,
,,,0.172500000000,  -0.01400,
,,,0.172600000000,  -0.01200,
,,,0.172700000000,  -0.00300,
,,,0.172800000000,   0.00400,
,,,0.172900000000,   0.02000,
,,,0.173000000000,   0.03000,
,,,0.173100000000,   0.03600,
,,,0.173200000000,   0.03800,
,,,0.173300000000,   0.04200,
,,,0.173400000000,   0.02700,
,,,0.173500000000,   0.02600,
,,,0.173600000000,   0.01600,
,,,0.173700000000,   0.01000,
,,,0.173800000000,   0.00500,
,,,0.173900000000,   0.00200,
,,,0.174000000000,  -0.00600,
,,,0.174100000000,  -0.01300,
,,,0.174200000000,  -0.01800,
,,,0.174300000000,  -0.02500,
,,,0.174400000000,  -0.02900,
,,,0.174500000000,  -0.03200,
,,,0.174600000000,  -0.03400,
,,,0.174700000000,  -0.02700,
,,,0.174800000000,  -0.01800,
,,,0.174900000000,  -0.00800,
,,,0.175000000000,  -0.00200,
,,,0.175100000000,   0.00400,
,,,0.175200000000,   0.01100,
,,,0.175300000000,   0.02200,
,,,0.175400000000,   0.02700,
,,,0.175500000000,   0.03600,
,,,0.175600000000,   0.03500,
,,,0.175700000000,   0.03400,
,,,0.175800000000,   0.03400,
,,,0.175900000000,   0.03100,
,,,0.176000000000,   0.02300,
,,,0.176100000000,   0.00500,
,,,0.176200000000,   0.00500,
,,,0.176300000000,  -0.00100,
,,,0.176400000000,  -0.01300,
,,,0.176500000000,  -0.01600,
,,,0.176600000000,  -0.04000,
,,,0.176700000000,  -0.02800,
,,,0.176800000000,  -0.03300,
,,,0.176900000000,  -0.02700,
,,,0.177000000000,  -0.02300,
,,,0.177100000000,  -0.01400,
,,,0.177200000000,  -0.01800,
,,,0.177300000000,  -0.00100,
,,,0.177400000000,   0.00400,
,,,0.177500000000,   0.01000,
,,,0.177600000000,   0.01400,
,,,0.177700000000,   0.01000,
,,,0.177800000000,   0.02900,
,,,0.177900000000,   0.03000,
,,,0.178000000000,   0.02900,
,,,0.178100000000,   0.03600,
,,,0.178200000000,   0.03000,
,,,0.178300000000,   0.02900,
,,,0.178400000000,   0.02100,
,,,0.178500000000,   0.01300,
,,,0.178600000000,  -0.00100,
,,,0.178700000000,  -0.01500,
,,,0.178800000000,  -0.01700,
,,,0.178900000000,  -0.03500,
,,,0.179000000000,  -0.03200,
,,,0.179100000000,  -0.03600,
,,,0.179200000000,  -0.02600,
,,,0.179300000000,  -0.01200,
,,,0.179400000000,  -0.01400,
,,,0.179500000000,  -0.01200,
,,,0.179600000000,  -0.01100,
,,,0.179700000000,  -0.00100,
,,,0.179800000000,   0.00700,
,,,0.179900000000,   0.00700,
,,,0.180000000000,   0.01100,
,,,0.180100000000,   0.01800,
,,,0.180200000000,   0.01800,
,,,0.180300000000,   0.02900,
,,,0.180400000000,   0.03700,
,,,0.180500000000,   0.03000,
,,,0.180600000000,   0.03600,
,,,0.180700000000,   0.01700,
,,,0.180800000000,   0.02000,
,,,0.180900000000,   0.00500,
,,,0.181000000000,  -0.00100,
,,,0.181100000000,  -0.01700,
,,,0.181200000000,  -0.03000,
,,,0.181300000000,  -0.02600,
,,,0.181400000000,  -0.02800,
,,,0.181500000000,  -0.02800,
,,,0.181600000000,  -0.02000,
,,,0.181700000000,  -0.01000,
,,,0.181800000000,  -0.00700,
,,,0.181900000000,  -0.00400,
,,,0.182000000000,   0.00000,
,,,0.182100000000,   0.00000,
,,,0.182200000000,  -0.00400,
,,,0.182300000000,   0.00800,
,,,0.182400000000,   0.01100,
,,,0.182500000000,   0.00600,
,,,0.182600000000,   0.01800,
,,,0.182700000000,   0.02800,
,,,0.182800000000,   0.02900,
,,,0.182900000000,   0.03600,
,,,0.183000000000,   0.02900,
,,,0.183100000000,   0.02800,
,,,0.183200000000,   0.00500,
,,,0.183300000000,   0.01000,
,,,0.183400000000,  -0.01100,
,,,0.183500000000,  -0.01700,
,,,0.183600000000,  -0.02800,
,,,0.183700000000,  -0.02700,
,,,0.183800000000,  -0.02200,
,,,0.183900000000,  -0.02600,
,,,0.184000000000,  -0.01100,
,,,0.184100000000,  -0.00800,
,,,0.184200000000,  -0.01300,
,,,0.184300000000,   0.00600,
,,,0.184400000000,   0.00200,
,,,0.184500000000,   0.00200,
,,,0.184600000000,   0.00100,
,,,0.184700000000,   0.00500,
,,,0.184800000000,   0.01300,
,,,0.184900000000,   0.01400,
,,,0.185000000000,   0.00900,
,,,0.185100000000,   0.02100,
,,,0.185200000000,   0.02800,
,,,0.185300000000,   0.03300,
,,,0.185400000000,   0.02800,
,,,0.185500000000,   0.01900,
,,,0.185600000000,   0.00700,
,,,0.185700000000,  -0.00800,
,,,0.185800000000,  -0.01100,
,,,0.185900000000,  -0.01700,
,,,0.186000000000,  -0.01800,
,,,0.186100000000,  -0.02500,
,,,0.186200000000,  -0.02100,
,,,0.186300000000,  -0.00800,
,,,0.186400000000,  -0.00800,
,,,0.186500000000,  -0.00300,
,,,0.186600000000,   0.00100,
,,,0.186700000000,  -0.00500,
,,,0.186800000000,   0.00700,
,,,0.186900000000,   0.00300,
,,,0.187000000000,   0.00500,
,,,0.187100000000,   0.00000,
,,,0.187200000000,   0.01000,
,,,0.187300000000,   0.00300,
,,,0.187400000000,   0.01900,
,,,0.187500000000,   0.01900,
,,,0.187600000000,   0.00800,
,,,0.187700000000,   0.01900,
,,,0.187800000000,   0.01600,
,,,0.187900000000,   0.00900,
,,,0.188000000000,   0.00500,
,,,0.188100000000,  -0.00400,
,,,0.188200000000,  -0.00900,
,,,0.188300000000,  -0.01400,
,,,0.188400000000,  -0.01400,
,,,0.188500000000,  -0.00900,
,,,0.188600000000,  -0.01000,
,,,0.188700000000,  -0.00800,
,,,0.188800000000,   0.00400,
,,,0.188900000000,  -0.00500,
,,,0.189000000000,   0.00200,
,,,0.189100000000,   0.00000,
,,,0.189200000000,   0.00100,
,,,0.189300000000,   0.00600,
,,,0.189400000000,   0.00100,
,,,0.189500000000,   0.00800,
,,,0.189600000000,   0.00300,
,,,0.189700000000,   0.00600,
,,,0.189800000000,   0.01100,
,,,0.189900000000,   0.01100,
,,,0.190000000000,   0.01600,
,,,0.190100000000,   0.00000,
,,,0.190200000000,   0.01200,
,,,0.190300000000,   0.00700,
,,,0.190400000000,  -0.00900,
,,,0.190500000000,  -0.00100,
,,,0.190600000000,  -0.00600,
,,,0.190700000000,  -0.00800,
,,,0.190800000000,  -0.00100,
,,,0.190900000000,   0.00500,
,,,0.191000000000,  -0.00100,
,,,0.191100000000,  -0.00200,
,,,0.191200000000,  -0.00900,
,,,0.191300000000,   0.00400,
,,,0.191400000000,   0.00400,
,,,0.191500000000,   0.00600,
,,,0.191600000000,   0.00000,
,,,0.191700000000,   0.00000,
,,,0.191800000000,   0.00400,
,,,0.191900000000,  -0.00400,
,,,0.192000000000,   0.00400,
,,,0.192100000000,   0.00300,
,,,0.192200000000,   0.00500,
,,,0.192300000000,   0.00200,
,,,0.192400000000,   0.00300,
,,,0.192500000000,   0.00800,
,,,0.192600000000,   0.00200,
,,,0.192700000000,  -0.00100,
,,,0.192800000000,   0.00700,
,,,0.192900000000,   0.00400,
,,,0.193000000000,   0.00900,
,,,0.193100000000,   0.00400,
,,,0.193200000000,   0.00600,
,,,0.193300000000,   0.00500,
,,,0.193400000000,   0.00700,
,,,0.193500000000,   0.00300,
,,,0.193600000000,   0.00100,
,,,0.193700000000,  -0.00200,
,,,0.193800000000,   0.00200,
,,,0.193900000000,   0.00700,
,,,0.194000000000,   0.00300,
,,,0.194100000000,  -0.00100,
,,,0.194200000000,   0.00400,
,,,0.194300000000,   0.00400,
,,,0.194400000000,  -0.00400,
,,,0.194500000000,  -0.00700,
,,,0.194600000000,  -0.00400,
,,,0.194700000000,  -0.01000,
,,,0.194800000000,  -0.01100,
,,,0.194900000000,  -0.00400,
,,,0.195000000000,   0.00000,
,,,0.195100000000,   0.00100,
,,,0.195200000000,   0.01100,
,,,0.195300000000,   0.01000,
,,,0.195400000000,   0.01900,
,,,0.195500000000,   0.01800,
,,,0.195600000000,   0.01400,
,,,0.195700000000,   0.01100,
,,,0.195800000000,   0.00700,
,,,0.195900000000,   0.00700,
,,,0.196000000000,   0.00500,
,,,0.196100000000,  -0.00300,
,,,0.196200000000,   0.00100,
,,,0.196300000000,  -0.00400,
,,,0.196400000000,   0.00600,
,,,0.196500000000,   0.00400,
,,,0.196600000000,  -0.01000,
,,,0.196700000000,  -0.00100,
,,,0.196800000000,  -0.01000,
,,,0.196900000000,  -0.01900,
,,,0.197000000000,  -0.01400,
,,,0.197100000000,  -0.01800,
,,,0.197200000000,  -0.01600,
,,,0.197300000000,  -0.01600,
,,,0.197400000000,   0.00200,
,,,0.197500000000,   0.01000,
,,,0.197600000000,   0.01700,
,,,0.197700000000,   0.02100,
,,,0.197800000000,   0.03100,
,,,0.197900000000,   0.01600,
,,,0.198000000000,   0.01600,
,,,0.198100000000,   0.01100,
,,,0.198200000000,   0.00700,
,,,0.198300000000,   0.01000,
,,,0.198400000000,   0.00700,
,,,0.198500000000,   0.00200,
,,,0.198600000000,   0.00300,
,,,0.198700000000,   0.00600,
,,,0.198800000000,   0.00200,
,,,0.198900000000,  -0.00200,
,,,0.199000000000,  -0.00100,
,,,0.199100000000,  -0.01700,
,,,0.199200000000,  -0.01700,
,,,0.199300000000,  -0.01900,
,,,0.199400000000,  -0.02600,
,,,0.199500000000,  -0.02200,
,,,0.199600000000,  -0.01900,
,,,0.199700000000,  -0.01000,
,,,0.199800000000,   0.00400,
,,,0.199900000000,   0.01200,
,,,0.200000000000,   0.02500,
,,,0.200100000000,   0.03000,
,,,0.200200000000,   0.02700,
,,,0.200300000000,   0.03500,
,,,0.200400000000,   0.02500,
,,,0.200500000000,   0.01000,
,,,0.200600000000,   0.00800,
,,,0.200700000000,   0.00700,
,,,0.200800000000,   0.00600,
,,,0.200900000000,  -0.00400,
,,,0.201000000000,   0.00500,
,,,0.201100000000,   0.00000,
,,,0.201200000000,  -0.01200,
,,,0.201300000000,  -0.00500,
,,,0.201400000000,  -0.01200,
,,,0.201500000000,  -0.02200,
,,,0.201600000000,  -0.02600,
,,,0.201700000000,  -0.03600,
,,,0.201800000000,  -0.02500,
,,,0.201900000000,  -0.02400,
,,,0.202000000000,  -0.01500,
,,,0.202100000000,  -0.00600,
,,,0.202200000000,   0.01200,
,,,0.202300000000,   0.02000,
,,,0.202400000000,   0.03700,
,,,0.202500000000,   0.03800,
,,,0.202600000000,   0.03400,
,,,0.202700000000,   0.03200,
,,,0.202800000000,   0.02200,
,,,0.202900000000,   0.02100,
,,,0.203000000000,   0.01500,
,,,0.203100000000,   0.00100,
,,,0.203200000000,   0.00600,
,,,0.203300000000,   0.00600,
,,,0.203400000000,  -0.00100,
,,,0.203500000000,  -0.00700,
,,,0.203600000000,  -0.00800,
,,,0.203700000000,  -0.01400,
,,,0.203800000000,  -0.01600,
,,,0.203900000000,  -0.02200,
,,,0.204000000000,  -0.03800,
,,,0.204100000000,  -0.03500,
,,,0.204200000000,  -0.02700,
,,,0.204300000000,  -0.01300,
,,,0.204400000000,  -0.00400,
,,,0.204500000000,   0.00200,
,,,0.204600000000,   0.01000,
,,,0.204700000000,   0.01600,
,,,0.204800000000,   0.03400,
,,,0.204900000000,   0.04200,
,,,0.205000000000,   0.03400,
,,,0.205100000000,   0.02700,
,,,0.205200000000,   0.02600,
,,,0.205300000000,   0.02300,
,,,0.205400000000,   0.01800,
,,,0.205500000000,   0.01400,
,,,0.205600000000,   0.00200,
,,,0.205700000000,  -0.00100,
,,,0.205800000000,  -0.00700,
,,,0.205900000000,  -0.01100,
,,,0.206000000000,  -0.01700,
,,,0.206100000000,  -0.02100,
,,,0.206200000000,  -0.02800,
,,,0.206300000000,  -0.03700,
,,,0.206400000000,  -0.02700,
,,,0.206500000000,  -0.02500,
,,,0.206600000000,  -0.02700,
,,,0.206700000000,  -0.01700,
,,,0.206800000000,   0.00100,
,,,0.206900000000,   0.01200,
,,,0.207000000000,   0.01500,
,,,0.207100000000,   0.02200,
,,,0.207200000000,   0.03200,
,,,0.207300000000,   0.03700,
,,,0.207400000000,   0.03800,
,,,0.207500000000,   0.03600,
,,,0.207600000000,   0.02700,
,,,0.207700000000,   0.02100,
,,,0.207800000000,   0.02200,
,,,0.207900000000,   0.00200,
,,,0.208000000000,   0.00700,
,,,0.208100000000,  -0.01100,
,,,0.208200000000,  -0.01400,
,,,0.208300000000,  -0.02300,
,,,0.208400000000,  -0.02000,
,,,0.208500000000,  -0.03800,
,,,0.208600000000,  -0.03200,
,,,0.208700000000,  -0.03300,
,,,0.208800000000,  -0.02400,
,,,0.208900000000,  -0.01700,
,,,0.209000000000,  -0.01700,
,,,0.209100000000,  -0.00200,
,,,0.209200000000,   0.00100,
,,,0.209300000000,   0.00900,
,,,0.209400000000,   0.02100,
,,,0.209500000000,   0.02700,
,,,0.209600000000,   0.01700,
,,,0.209700000000,   0.03100,
,,,0.209800000000,   0.03800,
,,,0.209900000000,   0.03700,
,,,0.210000000000,   0.03000,
,,,0.210100000000,   0.01600,
,,,0.210200000000,   0.01400,
,,,0.210300000000,   0.01100,
,,,0.210400000000,   0.00200,
,,,0.210500000000,  -0.00700,
,,,0.210600000000,  -0.01700,
,,,0.210700000000,  -0.02600,
,,,0.210800000000,  -0.03800,
,,,0.210900000000,  -0.03100,
,,,0.211000000000,  -0.03000,
,,,0.211100000000,  -0.02600,
,,,0.211200000000,  -0.02100,
,,,0.211300000000,  -0.01200,
,,,0.211400000000,  -0.00300,
,,,0.211500000000,   0.00300,
,,,0.211600000000,   0.00400,
,,,0.211700000000,   0.00900,
,,,0.211800000000,   0.01500,
,,,0.211900000000,   0.02300,
,,,0.212000000000,   0.01800,
,,,0.212100000000,   0.03200,
,,,0.212200000000,   0.02500,
,,,0.212300000000,   0.03800,
,,,0.212400000000,   0.03700,
,,,0.212500000000,   0.02500,
,,,0.212600000000,   0.01900,
,,,0.212700000000,   0.00200,
,,,0.212800000000,  -0.00600,
,,,0.212900000000,  -0.01700,
,,,0.213000000000,  -0.02100,
,,,0.213100000000,  -0.03400,
,,,0.213200000000,  -0.03600,
,,,0.213300000000,  -0.02700,
,,,0.213400000000,  -0.01900,
,,,0.213500000000,  -0.02300,
,,,0.213600000000,  -0.01100,
,,,0.213700000000,  -0.00700,
,,,0.213800000000,  -0.00700,
,,,0.213900000000,   0.00400,
,,,0.214000000000,   0.00700,
,,,0.214100000000,   0.00400,
,,,0.214200000000,   0.01300,
,,,0.214300000000,   0.00900,
,,,0.214400000000,   0.02600,
,,,0.214500000000,   0.02200,
,,,0.214600000000,   0.03600,
,,,0.214700000000,   0.02600,
,,,0.214800000000,   0.03600,
,,,0.214900000000,   0.02400,
,,,0.215000000000,   0.01500,
,,,0.215100000000,   0.00200,
,,,0.215200000000,  -0.01600,
,,,0.215300000000,  -0.01700,
,,,0.215400000000,  -0.02700,
,,,0.215500000000,  -0.02900,
,,,0.215600000000,  -0.02500,
,,,0.215700000000,  -0.02700,
,,,0.215800000000,  -0.01900,
,,,0.215900000000,  -0.00600,
,,,0.216000000000,   0.00000,
,,,0.216100000000,   0.00000,
,,,0.216200000000,  -0.00500,
,,,0.216300000000,   0.00400,
,,,0.216400000000,   0.00900,
,,,0.216500000000,   0.00600,
,,,0.216600000000,   0.01000,
,,,0.216700000000,   0.01400,
,,,0.216800000000,   0.02000,
,,,0.216900000000,   0.02500,
,,,0.217000000000,   0.02900,
,,,0.217100000000,   0.03100,
,,,0.217200000000,   0.02900,
,,,0.217300000000,   0.01900,
,,,0.217400000000,   0.00300,
,,,0.217500000000,  -0.00500,
,,,0.217600000000,  -0.01300,
,,,0.217700000000,  -0.02500,
,,,0.217800000000,  -0.01900,
,,,0.217900000000,  -0.02100,
,,,0.218000000000,  -0.02800,
,,,0.218100000000,  -0.01800,
,,,0.218200000000,  -0.01200,
,,,0.218300000000,   0.00100,
,,,0.218400000000,  -0.00100,
,,,0.218500000000,   0.00600,
,,,0.218600000000,  -0.00700,
,,,0.218700000000,   0.00200,
,,,0.218800000000,   0.00500,
,,,0.218900000000,   0.00600,
,,,0.219000000000,   0.01000,
,,,0.219100000000,   0.01200,
,,,0.219200000000,   0.01100,
,,,0.219300000000,   0.02200,
,,,0.219400000000,   0.03100,
,,,0.219500000000,   0.02700,
,,,0.219600000000,   0.01200,
,,,0.219700000000,   0.01100,
,,,0.219800000000,   0.00700,
,,,0.219900000000,  -0.00500,
,,,0.220000000000,  -0.01000,
,,,0.220100000000,  -0.01800,
,,,0.220200000000,  -0.02100,
,,,0.220300000000,  -0.01300,
,,,0.220400000000,  -0.01100,
,,,0.220500000000,  -0.00900,
,,,0.220600000000,  -0.00300,
,,,0.220700000000,   0.00000,
,,,0.220800000000,   0.00700,
,,,0.220900000000,   0.00100,
,,,0.221000000000,   0.00400,
,,,0.221100000000,  -0.00200,
,,,0.221200000000,   0.00200,
,,,0.221300000000,   0.00500,
,,,0.221400000000,   0.00600,
,,,0.221500000000,   0.01400,
,,,0.221600000000,   0.01300,
,,,0.221700000000,   0.01600,
,,,0.221800000000,   0.02000,
,,,0.221900000000,   0.01900,
,,,0.222000000000,   0.00500,
,,,0.222100000000,   0.00700,
,,,0.222200000000,  -0.00100,
,,,0.222300000000,  -0.00100,
,,,0.222400000000,  -0.01200,
,,,0.222500000000,  -0.00800,
,,,0.222600000000,  -0.01300,
,,,0.222700000000,  -0.00800,
,,,0.222800000000,  -0.00300,
,,,0.222900000000,  -0.00100,
,,,0.223000000000,  -0.00600,
,,,0.223100000000,  -0.00200,
,,,0.223200000000,   0.00100,
,,,0.223300000000,   0.00400,
,,,0.223400000000,   0.00500,
,,,0.223500000000,   0.00200,
,,,0.223600000000,  -0.00900,
,,,0.223700000000,   0.00600,
,,,0.223800000000,   0.00700,
,,,0.223900000000,   0.00900,
,,,0.224000000000,   0.00700,
,,,0.224100000000,   0.00700,
,,,0.224200000000,  -0.00200,
,,,0.224300000000,   0.01100,
,,,0.224400000000,   0.00300,
,,,0.224500000000,   0.00500,
,,,0.224600000000,  -0.00100,
,,,0.224700000000,   0.00000,
,,,0.224800000000,   0.00000,
,,,0.224900000000,   0.00200,
,,,0.225000000000,  -0.00300,
,,,0.225100000000,  -0.00200,
,,,0.225200000000,   0.00200,
,,,0.225300000000,  -0.00100,
,,,0.225400000000,   0.00200,
,,,0.225500000000,   0.00500,
,,,0.225600000000,   0.00200,
,,,0.225700000000,  -0.00200,
,,,0.225800000000,   0.00100,
,,,0.225900000000,   0.00400,
,,,0.226000000000,   0.00600,
,,,0.226100000000,  -0.00200,
,,,0.226200000000,   0.00300,
,,,0.226300000000,   0.00500,
,,,0.226400000000,  -0.00100,
,,,0.226500000000,  -0.00100,
,,,0.226600000000,  -0.00700,
,,,0.226700000000,   0.00000,
,,,0.226800000000,   0.00500,
,,,0.226900000000,   0.00600,
,,,0.227000000000,   0.00900,
,,,0.227100000000,   0.00600,
,,,0.227200000000,   0.00700,
,,,0.227300000000,   0.01100,
,,,0.227400000000,   0.00600,
,,,0.227500000000,   0.00700,
,,,0.227600000000,  -0.00400,
,,,0.227700000000,   0.00600,
,,,0.227800000000,   0.00400,
,,,0.227900000000,   0.00200,
,,,0.228000000000,   0.00700,
,,,0.228100000000,  -0.00200,
,,,0.228200000000,   0.00100,
,,,0.228300000000,   0.00700,
,,,0.228400000000,   0.00600,
,,,0.228500000000,  -0.00200,
,,,0.228600000000,  -0.00700,
,,,0.228700000000,  -0.00700,
,,,0.228800000000,  -0.00700,
,,,0.228900000000,  -0.01000,
,,,0.229000000000,  -0.00900,
,,,0.229100000000,  -0.01300,
,,,0.229200000000,  -0.00400,
,,,0.229300000000,   0.01000,
,,,0.229400000000,   0.01900,
,,,0.229500000000,   0.02200,
,,,0.229600000000,   0.01600,
,,,0.229700000000,   0.01400,
,,,0.229800000000,   0.01400,
,,,0.229900000000,   0.01600,
,,,0.230000000000,   0.01300,
,,,0.230100000000,  -0.00200,
,,,0.230200000000,   0.00200,
,,,0.230300000000,   0.00500,
,,,0.230400000000,  -0.00200,
,,,0.230500000000,   0.00600,
,,,0.230600000000,  -0.00200,
,,,0.230700000000,   0.00300,
,,,0.230800000000,  -0.00100,
,,,0.230900000000,  -0.00400,
,,,0.231000000000,  -0.01600,
,,,0.231100000000,  -0.01800,
,,,0.231200000000,  -0.02500,
,,,0.231300000000,  -0.01800,
,,,0.231400000000,  -0.01000,
,,,0.231500000000,  -0.00400,
,,,0.231600000000,   0.00400,
,,,0.231700000000,   0.01600,
,,,0.231800000000,   0.01700,
,,,0.231900000000,   0.02500,
,,,0.232000000000,   0.02900,
,,,0.232100000000,   0.02500,
,,,0.232200000000,   0.01400,
,,,0.232300000000,   0.01700,
,,,0.232400000000,   0.01200,
,,,0.232500000000,   0.00300,
,,,0.232600000000,  -0.00100,
,,,0.232700000000,   0.00200,
,,,0.232800000000,  -0.00400,
,,,0.232900000000,   0.00600,
,,,0.233000000000,  -0.00500,
,,,0.233100000000,  -0.00600,
,,,0.233200000000,  -0.01000,
,,,0.233300000000,  -0.01600,
,,,0.233400000000,  -0.02000,
,,,0.233500000000,  -0.02600,
,,,0.233600000000,  -0.02800,
,,,0.233700000000,  -0.02000,
,,,0.233800000000,  -0.01600,
,,,0.233900000000,   0.00200,
,,,0.234000000000,   0.01000,
,,,0.234100000000,   0.01700,
,,,0.234200000000,   0.03000,
,,,0.234300000000,   0.03400,
,,,0.234400000000,   0.03300,
,,,0.234500000000,   0.03200,
,,,0.234600000000,   0.01900,
,,,0.234700000000,   0.00800,
,,,0.234800000000,   0.01400,
,,,0.234900000000,   0.01000,
,,,0.235000000000,   0.00300,
,,,0.235100000000,  -0.00100,
,,,0.235200000000,  -0.00700,
,,,0.235300000000,   0.00400,
,,,0.235400000000,  -0.00200,
,,,0.235500000000,  -0.00900,
,,,0.235600000000,  -0.02200,
,,,0.235700000000,  -0.02800,
,,,0.235800000000,  -0.02900,
,,,0.235900000000,  -0.03800,
,,,0.236000000000,  -0.02600,
,,,0.236100000000,  -0.01900,
,,,0.236200000000,  -0.01000,
,,,0.236300000000,  -0.00100,
,,,0.236400000000,   0.02000,
,,,0.236500000000,   0.02500,
,,,0.236600000000,   0.02400,
,,,0.236700000000,   0.03700,
,,,0.236800000000,   0.04000,
,,,0.236900000000,   0.03000,
,,,0.237000000000,   0.02800,
,,,0.237100000000,   0.01600,
,,,0.237200000000,   0.01200,
,,,0.237300000000,   0.00700,
,,,0.237400000000,   0.00200,
,,,0.237500000000,   0.00200,
,,,0.237600000000,  -0.01200,
,,,0.237700000000,  -0.00500,
,,,0.237800000000,  -0.01000,
,,,0.237900000000,  -0.02200,
,,,0.238000000000,  -0.02800,
,,,0.238100000000,  -0.02900,
,,,0.238200000000,  -0.03200,
,,,0.238300000000,  -0.03100,
,,,0.238400000000,  -0.02200,
,,,0.238500000000,  -0.01200,
,,,0.238600000000,  -0.00300,
,,,0.238700000000,   0.00500,
,,,0.238800000000,   0.02100,
,,,0.238900000000,   0.02900,
,,,0.239000000000,   0.03000,
,,,0.239100000000,   0.04100,
,,,0.239200000000,   0.02500,
,,,0.239300000000,   0.03700,
,,,0.239400000000,   0.02500,
,,,0.239500000000,   0.02100,
,,,0.239600000000,   0.01100,
,,,0.239700000000,   0.00700,
,,,0.239800000000,   0.00200,
,,,0.239900000000,   0.00000,
,,,0.240000000000,  -0.01700,
,,,0.240100000000,  -0.01300,
,,,0.240200000000,  -0.02500,
,,,0.240300000000,  -0.02500,
,,,0.240400000000,  -0.03000,
,,,0.240500000000,  -0.04200,
,,,0.240600000000,  -0.02600,
,,,0.240700000000,  -0.01900,
,,,0.240800000000,  -0.01700,
,,,0.240900000000,  -0.00400,
,,,0.241000000000,   0.00400,
,,,0.241100000000,   0.00800,
,,,0.241200000000,   0.01800,
,,,0.241300000000,   0.02200,
,,,0.241400000000,   0.03400,
,,,0.241500000000,   0.03800,
,,,0.241600000000,   0.03400,
,,,0.241700000000,   0.03300,
,,,0.241800000000,   0.02800,
,,,0.241900000000,   0.02400,
,,,0.242000000000,   0.01000,
,,,0.242100000000,   0.00700,
,,,0.242200000000,   0.00000,
,,,0.242300000000,  -0.00300,
,,,0.242400000000,  -0.01900,
,,,0.242500000000,  -0.02600,
,,,0.242600000000,  -0.02800,
,,,0.242700000000,  -0.03100,
,,,0.242800000000,  -0.03500,
,,,0.242900000000,  -0.02400,
,,,0.243000000000,  -0.02300,
,,,0.243100000000,  -0.01600,
,,,0.243200000000,  -0.00800,
,,,0.243300000000,  -0.00100,
,,,0.243400000000,   0.00800,
,,,0.243500000000,   0.01400,
,,,0.243600000000,   0.01800,
,,,0.243700000000,   0.02600,
,,,0.243800000000,   0.03300,
,,,0.243900000000,   0.03700,
,,,0.244000000000,   0.03500,
,,,0.244100000000,   0.03000,
,,,0.244200000000,   0.02700,
,,,0.244300000000,   0.02800,
,,,0.244400000000,   0.01500,
,,,0.244500000000,   0.00200,
,,,0.244600000000,  -0.00600,
,,,0.244700000000,  -0.01400,
,,,0.244800000000,  -0.02600,
,,,0.244900000000,  -0.02700,
,,,0.245000000000,  -0.02800,
,,,0.245100000000,  -0.03600,
,,,0.245200000000,  -0.02600,
,,,0.245300000000,  -0.01200,
,,,0.245400000000,  -0.01300,
,,,0.245500000000,  -0.00400,
,,,0.245600000000,  -0.00900,
,,,0.245700000000,   0.00200,
,,,0.245800000000,   0.00800,
,,,0.245900000000,   0.01900,
,,,0.246000000000,   0.01600,
,,,0.246100000000,   0.02300,
,,,0.246200000000,   0.01800,
,,,0.246300000000,   0.03600,
,,,0.246400000000,   0.03600,
,,,0.246500000000,   0.03700,
,,,0.246600000000,   0.02800,
,,,0.246700000000,   0.01400,
,,,0.246800000000,   0.01300,
,,,0.246900000000,   0.00200,
,,,0.247000000000,  -0.01800,
,,,0.247100000000,  -0.02200,
,,,0.247200000000,  -0.03000,
,,,0.247300000000,  -0.02800,
,,,0.247400000000,  -0.03600,
,,,0.247500000000,  -0.02500,
,,,0.247600000000,  -0.01700,
,,,0.247700000000,  -0.00600,
,,,0.247800000000,  -0.00200,
,,,0.247900000000,  -0.00300,
,,,0.248000000000,  -0.00700,
,,,0.248100000000,  -0.00200,
,,,0.248200000000,   0.00400,
,,,0.248300000000,   0.01300,
,,,0.248400000000,   0.01900,
,,,0.248500000000,   0.01700,
,,,0.248600000000,   0.01900,
,,,0.248700000000,   0.03000,
,,,0.248800000000,   0.03800,
,,,0.248900000000,   0.03500,
,,,0.249000000000,   0.02100,
,,,0.249100000000,   0.01800,
,,,0.249200000000,   0.00400,
,,,0.249300000000,  -0.00300,
,,,0.249400000000,  -0.01300,
,,,0.249500000000,  -0.02700,
,,,0.249600000000,  -0.02800,
,,,0.249700000000,  -0.03300,
,,,0.249800000000,  -0.01900,
,,,0.249900000000,  -0.01500,
,,,0.250000000000,  -0.00800,
,,,0.250100000000,  -0.00600,
,,,0.250200000000,  -0.00900,
,,,0.250300000000,   0.00400,
,,,0.250400000000,   0.00500,
,,,0.250500000000,  -0.00200,
,,,0.250600000000,   0.00000,
,,,0.250700000000,   0.00900,
,,,0.250800000000,   0.01700,
,,,0.250900000000,   0.01700,
,,,0.251000000000,   0.01800,
,,,0.251100000000,   0.02700,
,,,0.251200000000,   0.03000,
,,,0.251300000000,   0.02800,
,,,0.251400000000,   0.02400,
,,,0.251500000000,   0.01200,
,,,0.251600000000,  -0.00200,
,,,0.251700000000,  -0.00800,
,,,0.251800000000,  -0.02300,
,,,0.251900000000,  -0.01900,
,,,0.252000000000,  -0.03000,
,,,0.252100000000,  -0.01900,
,,,0.252200000000,  -0.02100,
,,,0.252300000000,  -0.00300,
,,,0.252400000000,  -0.01600,
,,,0.252500000000,   0.00300,
,,,0.252600000000,  -0.00600,
,,,0.252700000000,   0.00300,
,,,0.252800000000,   0.00400,
,,,0.252900000000,  -0.00100,
,,,0.253000000000,   0.00400,
,,,0.253100000000,   0.00400,
,,,0.253200000000,   0.00100,
,,,0.253300000000,   0.01600,
,,,0.253400000000,   0.02200,
,,,0.253500000000,   0.02000,
,,,0.253600000000,   0.01500,
,,,0.253700000000,   0.02500,
,,,0.253800000000,   0.02000,
,,,0.253900000000,   0.00900,
,,,0.254000000000,  -0.00600,
,,,0.254100000000,  -0.01500,
,,,0.254200000000,  -0.01600,
,,,0.254300000000,  -0.01200,
,,,0.254400000000,  -0.01400,
,,,0.254500000000,  -0.01000,
,,,0.254600000000,  -0.01000,
,,,0.254700000000,  -0.00600,
,,,0.254800000000,  -0.00100,
,,,0.254900000000,   0.00400,
,,,0.255000000000,   0.00600,
,,,0.255100000000,  -0.00200,
,,,0.255200000000,   0.00100,
,,,0.255300000000,   0.00500,
,,,0.255400000000,   0.00400,
,,,0.255500000000,   0.00100,
,,,0.255600000000,   0.00400,
,,,0.255700000000,   0.00800,
,,,0.255800000000,   0.01900,
,,,0.255900000000,   0.01000,
,,,0.256000000000,   0.01500,
,,,0.256100000000,   0.00400,
,,,0.256200000000,   0.00800,
,,,0.256300000000,   0.00700,
,,,0.256400000000,  -0.00300,
,,,0.256500000000,  -0.00500,
,,,0.256600000000,  -0.01000,
,,,0.256700000000,  -0.00700,
,,,0.256800000000,  -0.00200,
,,,0.256900000000,   0.00000,
,,,0.257000000000,  -0.00400,
,,,0.257100000000,  -0.00300,
,,,0.257200000000,   0.00100,
,,,0.257300000000,   0.00500,
,,,0.257400000000,  -0.00100,
,,,0.257500000000,   0.00200,
,,,0.257600000000,  -0.00100,
,,,0.257700000000,  -0.00600,
,,,0.257800000000,   0.00400,
,,,0.257900000000,   0.00800,
,,,0.258000000000,   0.00200,
,,,0.258100000000,   0.00500,
,,,0.258200000000,  -0.00200,
,,,0.258300000000,   0.01300,
,,,0.258400000000,  -0.00100,
,,,0.258500000000,   0.00400,
,,,0.258600000000,  -0.00500,
,,,0.258700000000,   0.00600,
,,,0.258800000000,   0.00000,
,,,0.258900000000,   0.00400,
,,,0.259000000000,   0.00100,
,,,0.259100000000,  -0.00400,
,,,0.259200000000,   0.00600,
,,,0.259300000000,   0.00600,
,,,0.259400000000,   0.00000,
,,,0.259500000000,   0.00300,
,,,0.259600000000,  -0.00100,
,,,0.259700000000,  -0.00600,
,,,0.259800000000,   0.00700,
,,,0.259900000000,   0.00600,
,,,0.260000000000,   0.00400,
,,,0.260100000000,  -0.00400,
,,,0.260200000000,  -0.00700,
,,,0.260300000000,   0.00200,
,,,0.260400000000,   0.00100,
,,,0.260500000000,   0.00000,
,,,0.260600000000,  -0.00700,
,,,0.260700000000,  -0.00300,
,,,0.260800000000,  -0.00300,
,,,0.260900000000,  -0.01000,
,,,0.261000000000,   0.00000,
,,,0.261100000000,   0.00500,
,,,0.261200000000,   0.00900,
,,,0.261300000000,   0.01100,
,,,0.261400000000,   0.01300,
,,,0.261500000000,   0.01200,
,,,0.261600000000,   0.00400,
,,,0.261700000000,   0.00800,
,,,0.261800000000,   0.00600,
,,,0.261900000000,  -0.00500,
,,,0.262000000000,   0.00300,
,,,0.262100000000,  -0.00300,
,,,0.262200000000,   0.00700,
,,,0.262300000000,  -0.00100,
,,,0.262400000000,   0.00600,
,,,0.262500000000,  -0.00100,
,,,0.262600000000,  -0.00600,
,,,0.262700000000,  -0.00400,
,,,0.262800000000,  -0.01600,
,,,0.262900000000,  -0.01000,
,,,0.263000000000,  -0.01600,
,,,0.263100000000,  -0.01600,
,,,0.263200000000,  -0.01200,
,,,0.263300000000,  -0.00100,
,,,0.263400000000,   0.01100,
,,,0.263500000000,   0.01300,
,,,0.263600000000,   0.01500,
,,,0.263700000000,   0.02600,
,,,0.263800000000,   0.02300,
,,,0.263900000000,   0.01800,
,,,0.264000000000,   0.01900,
,,,0.264100000000,   0.00400,
,,,0.264200000000,   0.00700,
,,,0.264300000000,   0.00600,
,,,0.264400000000,  -0.00100,
,,,0.264500000000,   0.00400,
,,,0.264600000000,  -0.00100,
,,,0.264700000000,   0.00400,
,,,0.264800000000,   0.00100,
,,,0.264900000000,  -0.00100,
,,,0.265000000000,  -0.01400,
,,,0.265100000000,  -0.01500,
,,,0.265200000000,  -0.01600,
,,,0.265300000000,  -0.02100,
,,,0.265400000000,  -0.01800,
,,,0.265500000000,  -0.02000,
,,,0.265600000000,  -0.01200,
,,,0.265700000000,   0.00200,
,,,0.265800000000,   0.01200,
,,,0.265900000000,   0.01400,
,,,0.266000000000,   0.02800,
,,,0.266100000000,   0.02900,
,,,0.266200000000,   0.02700,
,,,0.266300000000,   0.01700,
,,,0.266400000000,   0.01900,
,,,0.266500000000,   0.01200,
,,,0.266600000000,   0.00600,
,,,0.266700000000,   0.00800,
,,,0.266800000000,   0.00300,
,,,0.266900000000,   0.00400,
,,,0.267000000000,  -0.00600,
,,,0.267100000000,  -0.00600,
,,,0.267200000000,  -0.00300,
,,,0.267300000000,  -0.00700,
,,,0.267400000000,  -0.01600,
,,,0.267500000000,  -0.03400,
,,,0.267600000000,  -0.02900,
,,,0.267700000000,  -0.02200,
,,,0.267800000000,  -0.02400,
,,,0.267900000000,  -0.01600,
,,,0.268000000000,  -0.00700,
,,,0.268100000000,  -0.00300,
,,,0.268200000000,   0.02000,
,,,0.268300000000,   0.02800,
,,,0.268400000000,   0.03700,
,,,0.268500000000,   0.03300,
,,,0.268600000000,   0.03000,
,,,0.268700000000,   0.02000,
,,,0.268800000000,   0.02300,
,,,0.268900000000,   0.01600,
,,,0.269000000000,   0.00500,
,,,0.269100000000,   0.00700,
,,,0.269200000000,   0.00200,
,,,0.269300000000,  -0.00100,
,,,0.269400000000,  -0.00300,
,,,0.269500000000,  -0.00700,
,,,0.269600000000,  -0.01400,
,,,0.269700000000,  -0.01800,
,,,0.269800000000,  -0.02000,
,,,0.269900000000,  -0.02700,
,,,0.270000000000,  -0.03700,
,,,0.270100000000,  -0.02900,
,,,0.270200000000,  -0.01800,
,,,0.270300000000,  -0.01800,
,,,0.270400000000,   0.00200,
,,,0.270500000000,   0.00800,
,,,0.270600000000,   0.02100,
,,,0.270700000000,   0.03200,
,,,0.270800000000,   0.03700,
,,,0.270900000000,   0.03800,
,,,0.271000000000,   0.03000,
,,,0.271100000000,   0.02700,
,,,0.271200000000,   0.02200,
,,,0.271300000000,   0.02000,
,,,0.271400000000,   0.01200,
,,,0.271500000000,  -0.00100,
,,,0.271600000000,   0.00300,
,,,0.271700000000,  -0.00200,
,,,0.271800000000,  -0.01000,
,,,0.271900000000,  -0.01100,
,,,0.272000000000,  -0.02200,
,,,0.272100000000,  -0.02900,
,,,0.272200000000,  -0.02800,
,,,0.272300000000,  -0.03000,
,,,0.272400000000,  -0.03200,
,,,0.272500000000,  -0.03100,
,,,0.272600000000,  -0.02000,
,,,0.272700000000,  -0.00100,
,,,0.272800000000,   0.00500,
,,,0.272900000000,   0.01300,
